[0.088s] DEBUG:colcon:Command line arguments: ['/usr/bin/colcon', 'build']
[0.088s] DEBUG:colcon:Parsed command line arguments: Namespace(log_base=None, log_level=None, verb_name='build', build_base='build', install_base='install', merge_install=False, symlink_install=False, test_result_base=None, continue_on_error=False, executor='parallel', parallel_workers=12, event_handlers=None, ignore_user_meta=False, metas=['./colcon.meta'], base_paths=['.'], packages_ignore=None, packages_ignore_regex=None, paths=None, packages_up_to=None, packages_up_to_regex=None, packages_above=None, packages_above_and_dependencies=None, packages_above_depth=None, packages_select_by_dep=None, packages_skip_by_dep=None, packages_skip_up_to=None, packages_select_build_failed=False, packages_skip_build_finished=False, packages_select_test_failures=False, packages_skip_test_passed=False, packages_select=None, packages_skip=None, packages_select_regex=None, packages_skip_regex=None, packages_start=None, packages_end=None, allow_overriding=[], cmake_args=None, cmake_target=None, cmake_target_skip_unavailable=False, cmake_clean_cache=False, cmake_clean_first=False, cmake_force_configure=False, ament_cmake_args=None, catkin_cmake_args=None, catkin_skip_building_tests=False, mixin_files=None, mixin=None, verb_parser=<colcon_mixin.mixin.mixin_argument.MixinArgumentDecorator object at 0x78689c97d9c0>, verb_extension=<colcon_core.verb.build.BuildVerb object at 0x78689ca929b0>, main=<bound method BuildVerb.main of <colcon_core.verb.build.BuildVerb object at 0x78689ca929b0>>, mixin_verb=('build',))
[0.252s] Level 1:colcon.colcon_core.package_discovery:discover_packages(colcon_meta) check parameters
[0.253s] Level 1:colcon.colcon_core.package_discovery:discover_packages(recursive) check parameters
[0.253s] Level 1:colcon.colcon_core.package_discovery:discover_packages(ignore) check parameters
[0.253s] Level 1:colcon.colcon_core.package_discovery:discover_packages(path) check parameters
[0.253s] Level 1:colcon.colcon_core.package_discovery:discover_packages(colcon_meta) discover
[0.253s] Level 1:colcon.colcon_core.package_discovery:discover_packages(recursive) discover
[0.253s] INFO:colcon.colcon_core.package_discovery:Crawling recursively for packages in '/home/mau/skid_steer_ws'
[0.253s] Level 1:colcon.colcon_core.package_identification:_identify(.) by extensions ['ignore', 'ignore_ament_install']
[0.253s] Level 1:colcon.colcon_core.package_identification:_identify(.) by extension 'ignore'
[0.253s] Level 1:colcon.colcon_core.package_identification:_identify(.) by extension 'ignore_ament_install'
[0.253s] Level 1:colcon.colcon_core.package_identification:_identify(.) by extensions ['colcon_pkg']
[0.253s] Level 1:colcon.colcon_core.package_identification:_identify(.) by extension 'colcon_pkg'
[0.253s] Level 1:colcon.colcon_core.package_identification:_identify(.) by extensions ['colcon_meta']
[0.253s] Level 1:colcon.colcon_core.package_identification:_identify(.) by extension 'colcon_meta'
[0.253s] Level 1:colcon.colcon_core.package_identification:_identify(.) by extensions ['ros']
[0.253s] Level 1:colcon.colcon_core.package_identification:_identify(.) by extension 'ros'
[0.268s] Level 1:colcon.colcon_core.package_identification:_identify(.) by extensions ['cmake', 'python']
[0.268s] Level 1:colcon.colcon_core.package_identification:_identify(.) by extension 'cmake'
[0.268s] Level 1:colcon.colcon_core.package_identification:_identify(.) by extension 'python'
[0.268s] Level 1:colcon.colcon_core.package_identification:_identify(.) by extensions ['python_setup_py']
[0.268s] Level 1:colcon.colcon_core.package_identification:_identify(.) by extension 'python_setup_py'
[0.268s] Level 1:colcon.colcon_core.package_identification:_identify(build) by extensions ['ignore', 'ignore_ament_install']
[0.268s] Level 1:colcon.colcon_core.package_identification:_identify(build) by extension 'ignore'
[0.268s] Level 1:colcon.colcon_core.package_identification:_identify(build) ignored
[0.268s] Level 1:colcon.colcon_core.package_identification:_identify(install) by extensions ['ignore', 'ignore_ament_install']
[0.268s] Level 1:colcon.colcon_core.package_identification:_identify(install) by extension 'ignore'
[0.268s] Level 1:colcon.colcon_core.package_identification:_identify(install) ignored
[0.268s] Level 1:colcon.colcon_core.package_identification:_identify(log) by extensions ['ignore', 'ignore_ament_install']
[0.268s] Level 1:colcon.colcon_core.package_identification:_identify(log) by extension 'ignore'
[0.268s] Level 1:colcon.colcon_core.package_identification:_identify(log) ignored
[0.268s] Level 1:colcon.colcon_core.package_identification:_identify(src) by extensions ['ignore', 'ignore_ament_install']
[0.268s] Level 1:colcon.colcon_core.package_identification:_identify(src) by extension 'ignore'
[0.268s] Level 1:colcon.colcon_core.package_identification:_identify(src) by extension 'ignore_ament_install'
[0.268s] Level 1:colcon.colcon_core.package_identification:_identify(src) by extensions ['colcon_pkg']
[0.268s] Level 1:colcon.colcon_core.package_identification:_identify(src) by extension 'colcon_pkg'
[0.268s] Level 1:colcon.colcon_core.package_identification:_identify(src) by extensions ['colcon_meta']
[0.268s] Level 1:colcon.colcon_core.package_identification:_identify(src) by extension 'colcon_meta'
[0.269s] Level 1:colcon.colcon_core.package_identification:_identify(src) by extensions ['ros']
[0.269s] Level 1:colcon.colcon_core.package_identification:_identify(src) by extension 'ros'
[0.269s] Level 1:colcon.colcon_core.package_identification:_identify(src) by extensions ['cmake', 'python']
[0.269s] Level 1:colcon.colcon_core.package_identification:_identify(src) by extension 'cmake'
[0.269s] Level 1:colcon.colcon_core.package_identification:_identify(src) by extension 'python'
[0.269s] Level 1:colcon.colcon_core.package_identification:_identify(src) by extensions ['python_setup_py']
[0.269s] Level 1:colcon.colcon_core.package_identification:_identify(src) by extension 'python_setup_py'
[0.269s] Level 1:colcon.colcon_core.package_identification:_identify(src/imu_driver) by extensions ['ignore', 'ignore_ament_install']
[0.269s] Level 1:colcon.colcon_core.package_identification:_identify(src/imu_driver) by extension 'ignore'
[0.269s] Level 1:colcon.colcon_core.package_identification:_identify(src/imu_driver) by extension 'ignore_ament_install'
[0.269s] Level 1:colcon.colcon_core.package_identification:_identify(src/imu_driver) by extensions ['colcon_pkg']
[0.269s] Level 1:colcon.colcon_core.package_identification:_identify(src/imu_driver) by extension 'colcon_pkg'
[0.269s] Level 1:colcon.colcon_core.package_identification:_identify(src/imu_driver) by extensions ['colcon_meta']
[0.269s] Level 1:colcon.colcon_core.package_identification:_identify(src/imu_driver) by extension 'colcon_meta'
[0.269s] Level 1:colcon.colcon_core.package_identification:_identify(src/imu_driver) by extensions ['ros']
[0.269s] Level 1:colcon.colcon_core.package_identification:_identify(src/imu_driver) by extension 'ros'
[0.271s] DEBUG:colcon.colcon_core.package_identification:Package 'src/imu_driver' with type 'ros.ament_python' and name 'imu_driver'
[0.271s] Level 1:colcon.colcon_core.package_identification:_identify(src/log) by extensions ['ignore', 'ignore_ament_install']
[0.271s] Level 1:colcon.colcon_core.package_identification:_identify(src/log) by extension 'ignore'
[0.271s] Level 1:colcon.colcon_core.package_identification:_identify(src/log) ignored
[0.271s] Level 1:colcon.colcon_core.package_identification:_identify(src/lora_node) by extensions ['ignore', 'ignore_ament_install']
[0.271s] Level 1:colcon.colcon_core.package_identification:_identify(src/lora_node) by extension 'ignore'
[0.271s] Level 1:colcon.colcon_core.package_identification:_identify(src/lora_node) by extension 'ignore_ament_install'
[0.271s] Level 1:colcon.colcon_core.package_identification:_identify(src/lora_node) by extensions ['colcon_pkg']
[0.271s] Level 1:colcon.colcon_core.package_identification:_identify(src/lora_node) by extension 'colcon_pkg'
[0.271s] Level 1:colcon.colcon_core.package_identification:_identify(src/lora_node) by extensions ['colcon_meta']
[0.271s] Level 1:colcon.colcon_core.package_identification:_identify(src/lora_node) by extension 'colcon_meta'
[0.271s] Level 1:colcon.colcon_core.package_identification:_identify(src/lora_node) by extensions ['ros']
[0.271s] Level 1:colcon.colcon_core.package_identification:_identify(src/lora_node) by extension 'ros'
[0.272s] DEBUG:colcon.colcon_core.package_identification:Package 'src/lora_node' with type 'ros.ament_cmake' and name 'lora_node'
[0.272s] Level 1:colcon.colcon_core.package_identification:_identify(src/point_cloud_processing) by extensions ['ignore', 'ignore_ament_install']
[0.272s] Level 1:colcon.colcon_core.package_identification:_identify(src/point_cloud_processing) by extension 'ignore'
[0.272s] Level 1:colcon.colcon_core.package_identification:_identify(src/point_cloud_processing) by extension 'ignore_ament_install'
[0.272s] Level 1:colcon.colcon_core.package_identification:_identify(src/point_cloud_processing) by extensions ['colcon_pkg']
[0.272s] Level 1:colcon.colcon_core.package_identification:_identify(src/point_cloud_processing) by extension 'colcon_pkg'
[0.272s] Level 1:colcon.colcon_core.package_identification:_identify(src/point_cloud_processing) by extensions ['colcon_meta']
[0.272s] Level 1:colcon.colcon_core.package_identification:_identify(src/point_cloud_processing) by extension 'colcon_meta'
[0.272s] Level 1:colcon.colcon_core.package_identification:_identify(src/point_cloud_processing) by extensions ['ros']
[0.272s] Level 1:colcon.colcon_core.package_identification:_identify(src/point_cloud_processing) by extension 'ros'
[0.272s] DEBUG:colcon.colcon_core.package_identification:Package 'src/point_cloud_processing' with type 'ros.ament_cmake' and name 'point_cloud_processing'
[0.272s] Level 1:colcon.colcon_core.package_identification:_identify(src/skid_steer_bringup) by extensions ['ignore', 'ignore_ament_install']
[0.273s] Level 1:colcon.colcon_core.package_identification:_identify(src/skid_steer_bringup) by extension 'ignore'
[0.273s] Level 1:colcon.colcon_core.package_identification:_identify(src/skid_steer_bringup) by extension 'ignore_ament_install'
[0.273s] Level 1:colcon.colcon_core.package_identification:_identify(src/skid_steer_bringup) by extensions ['colcon_pkg']
[0.273s] Level 1:colcon.colcon_core.package_identification:_identify(src/skid_steer_bringup) by extension 'colcon_pkg'
[0.273s] Level 1:colcon.colcon_core.package_identification:_identify(src/skid_steer_bringup) by extensions ['colcon_meta']
[0.273s] Level 1:colcon.colcon_core.package_identification:_identify(src/skid_steer_bringup) by extension 'colcon_meta'
[0.273s] Level 1:colcon.colcon_core.package_identification:_identify(src/skid_steer_bringup) by extensions ['ros']
[0.273s] Level 1:colcon.colcon_core.package_identification:_identify(src/skid_steer_bringup) by extension 'ros'
[0.273s] DEBUG:colcon.colcon_core.package_identification:Package 'src/skid_steer_bringup' with type 'ros.ament_cmake' and name 'skid_steer_bringup'
[0.273s] Level 1:colcon.colcon_core.package_identification:_identify(src/skid_steer_controller) by extensions ['ignore', 'ignore_ament_install']
[0.273s] Level 1:colcon.colcon_core.package_identification:_identify(src/skid_steer_controller) by extension 'ignore'
[0.273s] Level 1:colcon.colcon_core.package_identification:_identify(src/skid_steer_controller) by extension 'ignore_ament_install'
[0.273s] Level 1:colcon.colcon_core.package_identification:_identify(src/skid_steer_controller) by extensions ['colcon_pkg']
[0.273s] Level 1:colcon.colcon_core.package_identification:_identify(src/skid_steer_controller) by extension 'colcon_pkg'
[0.273s] Level 1:colcon.colcon_core.package_identification:_identify(src/skid_steer_controller) by extensions ['colcon_meta']
[0.273s] Level 1:colcon.colcon_core.package_identification:_identify(src/skid_steer_controller) by extension 'colcon_meta'
[0.273s] Level 1:colcon.colcon_core.package_identification:_identify(src/skid_steer_controller) by extensions ['ros']
[0.273s] Level 1:colcon.colcon_core.package_identification:_identify(src/skid_steer_controller) by extension 'ros'
[0.274s] DEBUG:colcon.colcon_core.package_identification:Package 'src/skid_steer_controller' with type 'ros.ament_cmake' and name 'skid_steer_controller'
[0.274s] Level 1:colcon.colcon_core.package_identification:_identify(src/skid_steer_cpp_examples) by extensions ['ignore', 'ignore_ament_install']
[0.274s] Level 1:colcon.colcon_core.package_identification:_identify(src/skid_steer_cpp_examples) by extension 'ignore'
[0.274s] Level 1:colcon.colcon_core.package_identification:_identify(src/skid_steer_cpp_examples) by extension 'ignore_ament_install'
[0.274s] Level 1:colcon.colcon_core.package_identification:_identify(src/skid_steer_cpp_examples) by extensions ['colcon_pkg']
[0.274s] Level 1:colcon.colcon_core.package_identification:_identify(src/skid_steer_cpp_examples) by extension 'colcon_pkg'
[0.274s] Level 1:colcon.colcon_core.package_identification:_identify(src/skid_steer_cpp_examples) by extensions ['colcon_meta']
[0.274s] Level 1:colcon.colcon_core.package_identification:_identify(src/skid_steer_cpp_examples) by extension 'colcon_meta'
[0.274s] Level 1:colcon.colcon_core.package_identification:_identify(src/skid_steer_cpp_examples) by extensions ['ros']
[0.274s] Level 1:colcon.colcon_core.package_identification:_identify(src/skid_steer_cpp_examples) by extension 'ros'
[0.275s] DEBUG:colcon.colcon_core.package_identification:Package 'src/skid_steer_cpp_examples' with type 'ros.ament_cmake' and name 'skid_steer_cpp_examples'
[0.275s] Level 1:colcon.colcon_core.package_identification:_identify(src/skid_steer_description) by extensions ['ignore', 'ignore_ament_install']
[0.275s] Level 1:colcon.colcon_core.package_identification:_identify(src/skid_steer_description) by extension 'ignore'
[0.275s] Level 1:colcon.colcon_core.package_identification:_identify(src/skid_steer_description) by extension 'ignore_ament_install'
[0.275s] Level 1:colcon.colcon_core.package_identification:_identify(src/skid_steer_description) by extensions ['colcon_pkg']
[0.275s] Level 1:colcon.colcon_core.package_identification:_identify(src/skid_steer_description) by extension 'colcon_pkg'
[0.275s] Level 1:colcon.colcon_core.package_identification:_identify(src/skid_steer_description) by extensions ['colcon_meta']
[0.275s] Level 1:colcon.colcon_core.package_identification:_identify(src/skid_steer_description) by extension 'colcon_meta'
[0.275s] Level 1:colcon.colcon_core.package_identification:_identify(src/skid_steer_description) by extensions ['ros']
[0.275s] Level 1:colcon.colcon_core.package_identification:_identify(src/skid_steer_description) by extension 'ros'
[0.277s] DEBUG:colcon.colcon_core.package_identification:Package 'src/skid_steer_description' with type 'ros.ament_cmake' and name 'skid_steer_description'
[0.277s] Level 1:colcon.colcon_core.package_identification:_identify(src/skid_steer_firmware) by extensions ['ignore', 'ignore_ament_install']
[0.277s] Level 1:colcon.colcon_core.package_identification:_identify(src/skid_steer_firmware) by extension 'ignore'
[0.277s] Level 1:colcon.colcon_core.package_identification:_identify(src/skid_steer_firmware) by extension 'ignore_ament_install'
[0.277s] Level 1:colcon.colcon_core.package_identification:_identify(src/skid_steer_firmware) by extensions ['colcon_pkg']
[0.277s] Level 1:colcon.colcon_core.package_identification:_identify(src/skid_steer_firmware) by extension 'colcon_pkg'
[0.277s] Level 1:colcon.colcon_core.package_identification:_identify(src/skid_steer_firmware) by extensions ['colcon_meta']
[0.277s] Level 1:colcon.colcon_core.package_identification:_identify(src/skid_steer_firmware) by extension 'colcon_meta'
[0.277s] Level 1:colcon.colcon_core.package_identification:_identify(src/skid_steer_firmware) by extensions ['ros']
[0.277s] Level 1:colcon.colcon_core.package_identification:_identify(src/skid_steer_firmware) by extension 'ros'
[0.278s] DEBUG:colcon.colcon_core.package_identification:Package 'src/skid_steer_firmware' with type 'ros.ament_cmake' and name 'skid_steer_firmware'
[0.278s] Level 1:colcon.colcon_core.package_identification:_identify(src/skid_steer_localization) by extensions ['ignore', 'ignore_ament_install']
[0.278s] Level 1:colcon.colcon_core.package_identification:_identify(src/skid_steer_localization) by extension 'ignore'
[0.278s] Level 1:colcon.colcon_core.package_identification:_identify(src/skid_steer_localization) by extension 'ignore_ament_install'
[0.278s] Level 1:colcon.colcon_core.package_identification:_identify(src/skid_steer_localization) by extensions ['colcon_pkg']
[0.278s] Level 1:colcon.colcon_core.package_identification:_identify(src/skid_steer_localization) by extension 'colcon_pkg'
[0.278s] Level 1:colcon.colcon_core.package_identification:_identify(src/skid_steer_localization) by extensions ['colcon_meta']
[0.278s] Level 1:colcon.colcon_core.package_identification:_identify(src/skid_steer_localization) by extension 'colcon_meta'
[0.279s] Level 1:colcon.colcon_core.package_identification:_identify(src/skid_steer_localization) by extensions ['ros']
[0.279s] Level 1:colcon.colcon_core.package_identification:_identify(src/skid_steer_localization) by extension 'ros'
[0.279s] DEBUG:colcon.colcon_core.package_identification:Package 'src/skid_steer_localization' with type 'ros.ament_cmake' and name 'skid_steer_localization'
[0.279s] Level 1:colcon.colcon_core.package_identification:_identify(src/skid_steer_msgs) by extensions ['ignore', 'ignore_ament_install']
[0.279s] Level 1:colcon.colcon_core.package_identification:_identify(src/skid_steer_msgs) by extension 'ignore'
[0.279s] Level 1:colcon.colcon_core.package_identification:_identify(src/skid_steer_msgs) by extension 'ignore_ament_install'
[0.279s] Level 1:colcon.colcon_core.package_identification:_identify(src/skid_steer_msgs) by extensions ['colcon_pkg']
[0.279s] Level 1:colcon.colcon_core.package_identification:_identify(src/skid_steer_msgs) by extension 'colcon_pkg'
[0.279s] Level 1:colcon.colcon_core.package_identification:_identify(src/skid_steer_msgs) by extensions ['colcon_meta']
[0.279s] Level 1:colcon.colcon_core.package_identification:_identify(src/skid_steer_msgs) by extension 'colcon_meta'
[0.279s] Level 1:colcon.colcon_core.package_identification:_identify(src/skid_steer_msgs) by extensions ['ros']
[0.279s] Level 1:colcon.colcon_core.package_identification:_identify(src/skid_steer_msgs) by extension 'ros'
[0.280s] DEBUG:colcon.colcon_core.package_identification:Package 'src/skid_steer_msgs' with type 'ros.ament_cmake' and name 'skid_steer_msgs'
[0.280s] Level 1:colcon.colcon_core.package_identification:_identify(src/skid_steer_navigation) by extensions ['ignore', 'ignore_ament_install']
[0.280s] Level 1:colcon.colcon_core.package_identification:_identify(src/skid_steer_navigation) by extension 'ignore'
[0.280s] Level 1:colcon.colcon_core.package_identification:_identify(src/skid_steer_navigation) by extension 'ignore_ament_install'
[0.280s] Level 1:colcon.colcon_core.package_identification:_identify(src/skid_steer_navigation) by extensions ['colcon_pkg']
[0.280s] Level 1:colcon.colcon_core.package_identification:_identify(src/skid_steer_navigation) by extension 'colcon_pkg'
[0.280s] Level 1:colcon.colcon_core.package_identification:_identify(src/skid_steer_navigation) by extensions ['colcon_meta']
[0.280s] Level 1:colcon.colcon_core.package_identification:_identify(src/skid_steer_navigation) by extension 'colcon_meta'
[0.280s] Level 1:colcon.colcon_core.package_identification:_identify(src/skid_steer_navigation) by extensions ['ros']
[0.280s] Level 1:colcon.colcon_core.package_identification:_identify(src/skid_steer_navigation) by extension 'ros'
[0.281s] DEBUG:colcon.colcon_core.package_identification:Package 'src/skid_steer_navigation' with type 'ros.ament_cmake' and name 'skid_steer_navigation'
[0.281s] Level 1:colcon.colcon_core.package_identification:_identify(src/skid_steer_py_examples) by extensions ['ignore', 'ignore_ament_install']
[0.281s] Level 1:colcon.colcon_core.package_identification:_identify(src/skid_steer_py_examples) by extension 'ignore'
[0.281s] Level 1:colcon.colcon_core.package_identification:_identify(src/skid_steer_py_examples) by extension 'ignore_ament_install'
[0.281s] Level 1:colcon.colcon_core.package_identification:_identify(src/skid_steer_py_examples) by extensions ['colcon_pkg']
[0.281s] Level 1:colcon.colcon_core.package_identification:_identify(src/skid_steer_py_examples) by extension 'colcon_pkg'
[0.281s] Level 1:colcon.colcon_core.package_identification:_identify(src/skid_steer_py_examples) by extensions ['colcon_meta']
[0.281s] Level 1:colcon.colcon_core.package_identification:_identify(src/skid_steer_py_examples) by extension 'colcon_meta'
[0.281s] Level 1:colcon.colcon_core.package_identification:_identify(src/skid_steer_py_examples) by extensions ['ros']
[0.281s] Level 1:colcon.colcon_core.package_identification:_identify(src/skid_steer_py_examples) by extension 'ros'
[0.281s] DEBUG:colcon.colcon_core.package_identification:Package 'src/skid_steer_py_examples' with type 'ros.ament_python' and name 'skid_steer_py_examples'
[0.281s] Level 1:colcon.colcon_core.package_identification:_identify(src/skid_steer_slam) by extensions ['ignore', 'ignore_ament_install']
[0.282s] Level 1:colcon.colcon_core.package_identification:_identify(src/skid_steer_slam) by extension 'ignore'
[0.282s] Level 1:colcon.colcon_core.package_identification:_identify(src/skid_steer_slam) by extension 'ignore_ament_install'
[0.282s] Level 1:colcon.colcon_core.package_identification:_identify(src/skid_steer_slam) by extensions ['colcon_pkg']
[0.282s] Level 1:colcon.colcon_core.package_identification:_identify(src/skid_steer_slam) by extension 'colcon_pkg'
[0.282s] Level 1:colcon.colcon_core.package_identification:_identify(src/skid_steer_slam) by extensions ['colcon_meta']
[0.282s] Level 1:colcon.colcon_core.package_identification:_identify(src/skid_steer_slam) by extension 'colcon_meta'
[0.282s] Level 1:colcon.colcon_core.package_identification:_identify(src/skid_steer_slam) by extensions ['ros']
[0.282s] Level 1:colcon.colcon_core.package_identification:_identify(src/skid_steer_slam) by extension 'ros'
[0.282s] DEBUG:colcon.colcon_core.package_identification:Package 'src/skid_steer_slam' with type 'ros.ament_cmake' and name 'skid_steer_slam'
[0.282s] Level 1:colcon.colcon_core.package_identification:_identify(src/skid_steer_utils) by extensions ['ignore', 'ignore_ament_install']
[0.282s] Level 1:colcon.colcon_core.package_identification:_identify(src/skid_steer_utils) by extension 'ignore'
[0.282s] Level 1:colcon.colcon_core.package_identification:_identify(src/skid_steer_utils) by extension 'ignore_ament_install'
[0.282s] Level 1:colcon.colcon_core.package_identification:_identify(src/skid_steer_utils) by extensions ['colcon_pkg']
[0.282s] Level 1:colcon.colcon_core.package_identification:_identify(src/skid_steer_utils) by extension 'colcon_pkg'
[0.282s] Level 1:colcon.colcon_core.package_identification:_identify(src/skid_steer_utils) by extensions ['colcon_meta']
[0.282s] Level 1:colcon.colcon_core.package_identification:_identify(src/skid_steer_utils) by extension 'colcon_meta'
[0.282s] Level 1:colcon.colcon_core.package_identification:_identify(src/skid_steer_utils) by extensions ['ros']
[0.282s] Level 1:colcon.colcon_core.package_identification:_identify(src/skid_steer_utils) by extension 'ros'
[0.283s] DEBUG:colcon.colcon_core.package_identification:Package 'src/skid_steer_utils' with type 'ros.ament_cmake' and name 'skid_steer_utils'
[0.283s] Level 1:colcon.colcon_core.package_discovery:discover_packages(recursive) using defaults
[0.283s] Level 1:colcon.colcon_core.package_discovery:discover_packages(ignore) discover
[0.283s] Level 1:colcon.colcon_core.package_discovery:discover_packages(ignore) using defaults
[0.283s] Level 1:colcon.colcon_core.package_discovery:discover_packages(path) discover
[0.283s] Level 1:colcon.colcon_core.package_discovery:discover_packages(path) using defaults
[0.300s] Level 1:colcon.colcon_core.package_discovery:discover_packages(prefix_path) check parameters
[0.300s] Level 1:colcon.colcon_core.package_discovery:discover_packages(prefix_path) discover
[0.303s] DEBUG:colcon.colcon_installed_package_information.package_discovery:Found 10 installed packages in /home/mau/bumperbot_ws/install
[0.303s] DEBUG:colcon.colcon_installed_package_information.package_discovery:Found 14 installed packages in /home/mau/skid_steer_ws/install
[0.304s] DEBUG:colcon.colcon_installed_package_information.package_discovery:Found 1 installed packages in /home/mau/articubot_one/install
[0.304s] DEBUG:colcon.colcon_installed_package_information.package_discovery:Found 7 installed packages in /home/mau/ros2_ws/install
[0.304s] DEBUG:colcon.colcon_installed_package_information.package_discovery:Found 0 installed packages in /home/mau/TrabajoTerminal_ws/install
[0.306s] DEBUG:colcon.colcon_installed_package_information.package_discovery:Found 451 installed packages in /opt/ros/humble
[0.308s] Level 1:colcon.colcon_core.package_discovery:discover_packages(prefix_path) using defaults
[0.351s] Level 5:colcon.colcon_core.verb:set package 'imu_driver' build argument 'cmake_args' from command line to 'None'
[0.351s] Level 5:colcon.colcon_core.verb:set package 'imu_driver' build argument 'cmake_target' from command line to 'None'
[0.351s] Level 5:colcon.colcon_core.verb:set package 'imu_driver' build argument 'cmake_target_skip_unavailable' from command line to 'False'
[0.351s] Level 5:colcon.colcon_core.verb:set package 'imu_driver' build argument 'cmake_clean_cache' from command line to 'False'
[0.351s] Level 5:colcon.colcon_core.verb:set package 'imu_driver' build argument 'cmake_clean_first' from command line to 'False'
[0.351s] Level 5:colcon.colcon_core.verb:set package 'imu_driver' build argument 'cmake_force_configure' from command line to 'False'
[0.351s] Level 5:colcon.colcon_core.verb:set package 'imu_driver' build argument 'ament_cmake_args' from command line to 'None'
[0.351s] Level 5:colcon.colcon_core.verb:set package 'imu_driver' build argument 'catkin_cmake_args' from command line to 'None'
[0.351s] Level 5:colcon.colcon_core.verb:set package 'imu_driver' build argument 'catkin_skip_building_tests' from command line to 'False'
[0.351s] DEBUG:colcon.colcon_core.verb:Building package 'imu_driver' with the following arguments: {'ament_cmake_args': None, 'build_base': '/home/mau/skid_steer_ws/build/imu_driver', 'catkin_cmake_args': None, 'catkin_skip_building_tests': False, 'cmake_args': None, 'cmake_clean_cache': False, 'cmake_clean_first': False, 'cmake_force_configure': False, 'cmake_target': None, 'cmake_target_skip_unavailable': False, 'install_base': '/home/mau/skid_steer_ws/install/imu_driver', 'merge_install': False, 'path': '/home/mau/skid_steer_ws/src/imu_driver', 'symlink_install': False, 'test_result_base': None}
[0.351s] Level 5:colcon.colcon_core.verb:set package 'lora_node' build argument 'cmake_args' from command line to 'None'
[0.352s] Level 5:colcon.colcon_core.verb:set package 'lora_node' build argument 'cmake_target' from command line to 'None'
[0.352s] Level 5:colcon.colcon_core.verb:set package 'lora_node' build argument 'cmake_target_skip_unavailable' from command line to 'False'
[0.352s] Level 5:colcon.colcon_core.verb:set package 'lora_node' build argument 'cmake_clean_cache' from command line to 'False'
[0.352s] Level 5:colcon.colcon_core.verb:set package 'lora_node' build argument 'cmake_clean_first' from command line to 'False'
[0.352s] Level 5:colcon.colcon_core.verb:set package 'lora_node' build argument 'cmake_force_configure' from command line to 'False'
[0.352s] Level 5:colcon.colcon_core.verb:set package 'lora_node' build argument 'ament_cmake_args' from command line to 'None'
[0.352s] Level 5:colcon.colcon_core.verb:set package 'lora_node' build argument 'catkin_cmake_args' from command line to 'None'
[0.352s] Level 5:colcon.colcon_core.verb:set package 'lora_node' build argument 'catkin_skip_building_tests' from command line to 'False'
[0.352s] DEBUG:colcon.colcon_core.verb:Building package 'lora_node' with the following arguments: {'ament_cmake_args': None, 'build_base': '/home/mau/skid_steer_ws/build/lora_node', 'catkin_cmake_args': None, 'catkin_skip_building_tests': False, 'cmake_args': None, 'cmake_clean_cache': False, 'cmake_clean_first': False, 'cmake_force_configure': False, 'cmake_target': None, 'cmake_target_skip_unavailable': False, 'install_base': '/home/mau/skid_steer_ws/install/lora_node', 'merge_install': False, 'path': '/home/mau/skid_steer_ws/src/lora_node', 'symlink_install': False, 'test_result_base': None}
[0.352s] Level 5:colcon.colcon_core.verb:set package 'point_cloud_processing' build argument 'cmake_args' from command line to 'None'
[0.352s] Level 5:colcon.colcon_core.verb:set package 'point_cloud_processing' build argument 'cmake_target' from command line to 'None'
[0.352s] Level 5:colcon.colcon_core.verb:set package 'point_cloud_processing' build argument 'cmake_target_skip_unavailable' from command line to 'False'
[0.352s] Level 5:colcon.colcon_core.verb:set package 'point_cloud_processing' build argument 'cmake_clean_cache' from command line to 'False'
[0.352s] Level 5:colcon.colcon_core.verb:set package 'point_cloud_processing' build argument 'cmake_clean_first' from command line to 'False'
[0.352s] Level 5:colcon.colcon_core.verb:set package 'point_cloud_processing' build argument 'cmake_force_configure' from command line to 'False'
[0.352s] Level 5:colcon.colcon_core.verb:set package 'point_cloud_processing' build argument 'ament_cmake_args' from command line to 'None'
[0.352s] Level 5:colcon.colcon_core.verb:set package 'point_cloud_processing' build argument 'catkin_cmake_args' from command line to 'None'
[0.352s] Level 5:colcon.colcon_core.verb:set package 'point_cloud_processing' build argument 'catkin_skip_building_tests' from command line to 'False'
[0.352s] DEBUG:colcon.colcon_core.verb:Building package 'point_cloud_processing' with the following arguments: {'ament_cmake_args': None, 'build_base': '/home/mau/skid_steer_ws/build/point_cloud_processing', 'catkin_cmake_args': None, 'catkin_skip_building_tests': False, 'cmake_args': None, 'cmake_clean_cache': False, 'cmake_clean_first': False, 'cmake_force_configure': False, 'cmake_target': None, 'cmake_target_skip_unavailable': False, 'install_base': '/home/mau/skid_steer_ws/install/point_cloud_processing', 'merge_install': False, 'path': '/home/mau/skid_steer_ws/src/point_cloud_processing', 'symlink_install': False, 'test_result_base': None}
[0.352s] Level 5:colcon.colcon_core.verb:set package 'skid_steer_bringup' build argument 'cmake_args' from command line to 'None'
[0.352s] Level 5:colcon.colcon_core.verb:set package 'skid_steer_bringup' build argument 'cmake_target' from command line to 'None'
[0.352s] Level 5:colcon.colcon_core.verb:set package 'skid_steer_bringup' build argument 'cmake_target_skip_unavailable' from command line to 'False'
[0.352s] Level 5:colcon.colcon_core.verb:set package 'skid_steer_bringup' build argument 'cmake_clean_cache' from command line to 'False'
[0.352s] Level 5:colcon.colcon_core.verb:set package 'skid_steer_bringup' build argument 'cmake_clean_first' from command line to 'False'
[0.352s] Level 5:colcon.colcon_core.verb:set package 'skid_steer_bringup' build argument 'cmake_force_configure' from command line to 'False'
[0.352s] Level 5:colcon.colcon_core.verb:set package 'skid_steer_bringup' build argument 'ament_cmake_args' from command line to 'None'
[0.352s] Level 5:colcon.colcon_core.verb:set package 'skid_steer_bringup' build argument 'catkin_cmake_args' from command line to 'None'
[0.352s] Level 5:colcon.colcon_core.verb:set package 'skid_steer_bringup' build argument 'catkin_skip_building_tests' from command line to 'False'
[0.352s] DEBUG:colcon.colcon_core.verb:Building package 'skid_steer_bringup' with the following arguments: {'ament_cmake_args': None, 'build_base': '/home/mau/skid_steer_ws/build/skid_steer_bringup', 'catkin_cmake_args': None, 'catkin_skip_building_tests': False, 'cmake_args': None, 'cmake_clean_cache': False, 'cmake_clean_first': False, 'cmake_force_configure': False, 'cmake_target': None, 'cmake_target_skip_unavailable': False, 'install_base': '/home/mau/skid_steer_ws/install/skid_steer_bringup', 'merge_install': False, 'path': '/home/mau/skid_steer_ws/src/skid_steer_bringup', 'symlink_install': False, 'test_result_base': None}
[0.353s] Level 5:colcon.colcon_core.verb:set package 'skid_steer_controller' build argument 'cmake_args' from command line to 'None'
[0.353s] Level 5:colcon.colcon_core.verb:set package 'skid_steer_controller' build argument 'cmake_target' from command line to 'None'
[0.353s] Level 5:colcon.colcon_core.verb:set package 'skid_steer_controller' build argument 'cmake_target_skip_unavailable' from command line to 'False'
[0.353s] Level 5:colcon.colcon_core.verb:set package 'skid_steer_controller' build argument 'cmake_clean_cache' from command line to 'False'
[0.353s] Level 5:colcon.colcon_core.verb:set package 'skid_steer_controller' build argument 'cmake_clean_first' from command line to 'False'
[0.353s] Level 5:colcon.colcon_core.verb:set package 'skid_steer_controller' build argument 'cmake_force_configure' from command line to 'False'
[0.353s] Level 5:colcon.colcon_core.verb:set package 'skid_steer_controller' build argument 'ament_cmake_args' from command line to 'None'
[0.353s] Level 5:colcon.colcon_core.verb:set package 'skid_steer_controller' build argument 'catkin_cmake_args' from command line to 'None'
[0.353s] Level 5:colcon.colcon_core.verb:set package 'skid_steer_controller' build argument 'catkin_skip_building_tests' from command line to 'False'
[0.353s] DEBUG:colcon.colcon_core.verb:Building package 'skid_steer_controller' with the following arguments: {'ament_cmake_args': None, 'build_base': '/home/mau/skid_steer_ws/build/skid_steer_controller', 'catkin_cmake_args': None, 'catkin_skip_building_tests': False, 'cmake_args': None, 'cmake_clean_cache': False, 'cmake_clean_first': False, 'cmake_force_configure': False, 'cmake_target': None, 'cmake_target_skip_unavailable': False, 'install_base': '/home/mau/skid_steer_ws/install/skid_steer_controller', 'merge_install': False, 'path': '/home/mau/skid_steer_ws/src/skid_steer_controller', 'symlink_install': False, 'test_result_base': None}
[0.353s] Level 5:colcon.colcon_core.verb:set package 'skid_steer_description' build argument 'cmake_args' from command line to 'None'
[0.353s] Level 5:colcon.colcon_core.verb:set package 'skid_steer_description' build argument 'cmake_target' from command line to 'None'
[0.353s] Level 5:colcon.colcon_core.verb:set package 'skid_steer_description' build argument 'cmake_target_skip_unavailable' from command line to 'False'
[0.353s] Level 5:colcon.colcon_core.verb:set package 'skid_steer_description' build argument 'cmake_clean_cache' from command line to 'False'
[0.353s] Level 5:colcon.colcon_core.verb:set package 'skid_steer_description' build argument 'cmake_clean_first' from command line to 'False'
[0.353s] Level 5:colcon.colcon_core.verb:set package 'skid_steer_description' build argument 'cmake_force_configure' from command line to 'False'
[0.353s] Level 5:colcon.colcon_core.verb:set package 'skid_steer_description' build argument 'ament_cmake_args' from command line to 'None'
[0.353s] Level 5:colcon.colcon_core.verb:set package 'skid_steer_description' build argument 'catkin_cmake_args' from command line to 'None'
[0.353s] Level 5:colcon.colcon_core.verb:set package 'skid_steer_description' build argument 'catkin_skip_building_tests' from command line to 'False'
[0.353s] DEBUG:colcon.colcon_core.verb:Building package 'skid_steer_description' with the following arguments: {'ament_cmake_args': None, 'build_base': '/home/mau/skid_steer_ws/build/skid_steer_description', 'catkin_cmake_args': None, 'catkin_skip_building_tests': False, 'cmake_args': None, 'cmake_clean_cache': False, 'cmake_clean_first': False, 'cmake_force_configure': False, 'cmake_target': None, 'cmake_target_skip_unavailable': False, 'install_base': '/home/mau/skid_steer_ws/install/skid_steer_description', 'merge_install': False, 'path': '/home/mau/skid_steer_ws/src/skid_steer_description', 'symlink_install': False, 'test_result_base': None}
[0.354s] Level 5:colcon.colcon_core.verb:set package 'skid_steer_firmware' build argument 'cmake_args' from command line to 'None'
[0.354s] Level 5:colcon.colcon_core.verb:set package 'skid_steer_firmware' build argument 'cmake_target' from command line to 'None'
[0.354s] Level 5:colcon.colcon_core.verb:set package 'skid_steer_firmware' build argument 'cmake_target_skip_unavailable' from command line to 'False'
[0.354s] Level 5:colcon.colcon_core.verb:set package 'skid_steer_firmware' build argument 'cmake_clean_cache' from command line to 'False'
[0.354s] Level 5:colcon.colcon_core.verb:set package 'skid_steer_firmware' build argument 'cmake_clean_first' from command line to 'False'
[0.354s] Level 5:colcon.colcon_core.verb:set package 'skid_steer_firmware' build argument 'cmake_force_configure' from command line to 'False'
[0.354s] Level 5:colcon.colcon_core.verb:set package 'skid_steer_firmware' build argument 'ament_cmake_args' from command line to 'None'
[0.354s] Level 5:colcon.colcon_core.verb:set package 'skid_steer_firmware' build argument 'catkin_cmake_args' from command line to 'None'
[0.354s] Level 5:colcon.colcon_core.verb:set package 'skid_steer_firmware' build argument 'catkin_skip_building_tests' from command line to 'False'
[0.354s] DEBUG:colcon.colcon_core.verb:Building package 'skid_steer_firmware' with the following arguments: {'ament_cmake_args': None, 'build_base': '/home/mau/skid_steer_ws/build/skid_steer_firmware', 'catkin_cmake_args': None, 'catkin_skip_building_tests': False, 'cmake_args': None, 'cmake_clean_cache': False, 'cmake_clean_first': False, 'cmake_force_configure': False, 'cmake_target': None, 'cmake_target_skip_unavailable': False, 'install_base': '/home/mau/skid_steer_ws/install/skid_steer_firmware', 'merge_install': False, 'path': '/home/mau/skid_steer_ws/src/skid_steer_firmware', 'symlink_install': False, 'test_result_base': None}
[0.354s] Level 5:colcon.colcon_core.verb:set package 'skid_steer_localization' build argument 'cmake_args' from command line to 'None'
[0.354s] Level 5:colcon.colcon_core.verb:set package 'skid_steer_localization' build argument 'cmake_target' from command line to 'None'
[0.354s] Level 5:colcon.colcon_core.verb:set package 'skid_steer_localization' build argument 'cmake_target_skip_unavailable' from command line to 'False'
[0.354s] Level 5:colcon.colcon_core.verb:set package 'skid_steer_localization' build argument 'cmake_clean_cache' from command line to 'False'
[0.354s] Level 5:colcon.colcon_core.verb:set package 'skid_steer_localization' build argument 'cmake_clean_first' from command line to 'False'
[0.354s] Level 5:colcon.colcon_core.verb:set package 'skid_steer_localization' build argument 'cmake_force_configure' from command line to 'False'
[0.354s] Level 5:colcon.colcon_core.verb:set package 'skid_steer_localization' build argument 'ament_cmake_args' from command line to 'None'
[0.354s] Level 5:colcon.colcon_core.verb:set package 'skid_steer_localization' build argument 'catkin_cmake_args' from command line to 'None'
[0.354s] Level 5:colcon.colcon_core.verb:set package 'skid_steer_localization' build argument 'catkin_skip_building_tests' from command line to 'False'
[0.354s] DEBUG:colcon.colcon_core.verb:Building package 'skid_steer_localization' with the following arguments: {'ament_cmake_args': None, 'build_base': '/home/mau/skid_steer_ws/build/skid_steer_localization', 'catkin_cmake_args': None, 'catkin_skip_building_tests': False, 'cmake_args': None, 'cmake_clean_cache': False, 'cmake_clean_first': False, 'cmake_force_configure': False, 'cmake_target': None, 'cmake_target_skip_unavailable': False, 'install_base': '/home/mau/skid_steer_ws/install/skid_steer_localization', 'merge_install': False, 'path': '/home/mau/skid_steer_ws/src/skid_steer_localization', 'symlink_install': False, 'test_result_base': None}
[0.354s] Level 5:colcon.colcon_core.verb:set package 'skid_steer_msgs' build argument 'cmake_args' from command line to 'None'
[0.354s] Level 5:colcon.colcon_core.verb:set package 'skid_steer_msgs' build argument 'cmake_target' from command line to 'None'
[0.354s] Level 5:colcon.colcon_core.verb:set package 'skid_steer_msgs' build argument 'cmake_target_skip_unavailable' from command line to 'False'
[0.354s] Level 5:colcon.colcon_core.verb:set package 'skid_steer_msgs' build argument 'cmake_clean_cache' from command line to 'False'
[0.354s] Level 5:colcon.colcon_core.verb:set package 'skid_steer_msgs' build argument 'cmake_clean_first' from command line to 'False'
[0.354s] Level 5:colcon.colcon_core.verb:set package 'skid_steer_msgs' build argument 'cmake_force_configure' from command line to 'False'
[0.354s] Level 5:colcon.colcon_core.verb:set package 'skid_steer_msgs' build argument 'ament_cmake_args' from command line to 'None'
[0.354s] Level 5:colcon.colcon_core.verb:set package 'skid_steer_msgs' build argument 'catkin_cmake_args' from command line to 'None'
[0.354s] Level 5:colcon.colcon_core.verb:set package 'skid_steer_msgs' build argument 'catkin_skip_building_tests' from command line to 'False'
[0.354s] DEBUG:colcon.colcon_core.verb:Building package 'skid_steer_msgs' with the following arguments: {'ament_cmake_args': None, 'build_base': '/home/mau/skid_steer_ws/build/skid_steer_msgs', 'catkin_cmake_args': None, 'catkin_skip_building_tests': False, 'cmake_args': None, 'cmake_clean_cache': False, 'cmake_clean_first': False, 'cmake_force_configure': False, 'cmake_target': None, 'cmake_target_skip_unavailable': False, 'install_base': '/home/mau/skid_steer_ws/install/skid_steer_msgs', 'merge_install': False, 'path': '/home/mau/skid_steer_ws/src/skid_steer_msgs', 'symlink_install': False, 'test_result_base': None}
[0.355s] Level 5:colcon.colcon_core.verb:set package 'skid_steer_navigation' build argument 'cmake_args' from command line to 'None'
[0.355s] Level 5:colcon.colcon_core.verb:set package 'skid_steer_navigation' build argument 'cmake_target' from command line to 'None'
[0.355s] Level 5:colcon.colcon_core.verb:set package 'skid_steer_navigation' build argument 'cmake_target_skip_unavailable' from command line to 'False'
[0.355s] Level 5:colcon.colcon_core.verb:set package 'skid_steer_navigation' build argument 'cmake_clean_cache' from command line to 'False'
[0.355s] Level 5:colcon.colcon_core.verb:set package 'skid_steer_navigation' build argument 'cmake_clean_first' from command line to 'False'
[0.355s] Level 5:colcon.colcon_core.verb:set package 'skid_steer_navigation' build argument 'cmake_force_configure' from command line to 'False'
[0.355s] Level 5:colcon.colcon_core.verb:set package 'skid_steer_navigation' build argument 'ament_cmake_args' from command line to 'None'
[0.355s] Level 5:colcon.colcon_core.verb:set package 'skid_steer_navigation' build argument 'catkin_cmake_args' from command line to 'None'
[0.355s] Level 5:colcon.colcon_core.verb:set package 'skid_steer_navigation' build argument 'catkin_skip_building_tests' from command line to 'False'
[0.355s] DEBUG:colcon.colcon_core.verb:Building package 'skid_steer_navigation' with the following arguments: {'ament_cmake_args': None, 'build_base': '/home/mau/skid_steer_ws/build/skid_steer_navigation', 'catkin_cmake_args': None, 'catkin_skip_building_tests': False, 'cmake_args': None, 'cmake_clean_cache': False, 'cmake_clean_first': False, 'cmake_force_configure': False, 'cmake_target': None, 'cmake_target_skip_unavailable': False, 'install_base': '/home/mau/skid_steer_ws/install/skid_steer_navigation', 'merge_install': False, 'path': '/home/mau/skid_steer_ws/src/skid_steer_navigation', 'symlink_install': False, 'test_result_base': None}
[0.355s] Level 5:colcon.colcon_core.verb:set package 'skid_steer_slam' build argument 'cmake_args' from command line to 'None'
[0.355s] Level 5:colcon.colcon_core.verb:set package 'skid_steer_slam' build argument 'cmake_target' from command line to 'None'
[0.355s] Level 5:colcon.colcon_core.verb:set package 'skid_steer_slam' build argument 'cmake_target_skip_unavailable' from command line to 'False'
[0.355s] Level 5:colcon.colcon_core.verb:set package 'skid_steer_slam' build argument 'cmake_clean_cache' from command line to 'False'
[0.355s] Level 5:colcon.colcon_core.verb:set package 'skid_steer_slam' build argument 'cmake_clean_first' from command line to 'False'
[0.355s] Level 5:colcon.colcon_core.verb:set package 'skid_steer_slam' build argument 'cmake_force_configure' from command line to 'False'
[0.355s] Level 5:colcon.colcon_core.verb:set package 'skid_steer_slam' build argument 'ament_cmake_args' from command line to 'None'
[0.355s] Level 5:colcon.colcon_core.verb:set package 'skid_steer_slam' build argument 'catkin_cmake_args' from command line to 'None'
[0.355s] Level 5:colcon.colcon_core.verb:set package 'skid_steer_slam' build argument 'catkin_skip_building_tests' from command line to 'False'
[0.355s] DEBUG:colcon.colcon_core.verb:Building package 'skid_steer_slam' with the following arguments: {'ament_cmake_args': None, 'build_base': '/home/mau/skid_steer_ws/build/skid_steer_slam', 'catkin_cmake_args': None, 'catkin_skip_building_tests': False, 'cmake_args': None, 'cmake_clean_cache': False, 'cmake_clean_first': False, 'cmake_force_configure': False, 'cmake_target': None, 'cmake_target_skip_unavailable': False, 'install_base': '/home/mau/skid_steer_ws/install/skid_steer_slam', 'merge_install': False, 'path': '/home/mau/skid_steer_ws/src/skid_steer_slam', 'symlink_install': False, 'test_result_base': None}
[0.356s] Level 5:colcon.colcon_core.verb:set package 'skid_steer_utils' build argument 'cmake_args' from command line to 'None'
[0.356s] Level 5:colcon.colcon_core.verb:set package 'skid_steer_utils' build argument 'cmake_target' from command line to 'None'
[0.356s] Level 5:colcon.colcon_core.verb:set package 'skid_steer_utils' build argument 'cmake_target_skip_unavailable' from command line to 'False'
[0.356s] Level 5:colcon.colcon_core.verb:set package 'skid_steer_utils' build argument 'cmake_clean_cache' from command line to 'False'
[0.356s] Level 5:colcon.colcon_core.verb:set package 'skid_steer_utils' build argument 'cmake_clean_first' from command line to 'False'
[0.356s] Level 5:colcon.colcon_core.verb:set package 'skid_steer_utils' build argument 'cmake_force_configure' from command line to 'False'
[0.356s] Level 5:colcon.colcon_core.verb:set package 'skid_steer_utils' build argument 'ament_cmake_args' from command line to 'None'
[0.356s] Level 5:colcon.colcon_core.verb:set package 'skid_steer_utils' build argument 'catkin_cmake_args' from command line to 'None'
[0.356s] Level 5:colcon.colcon_core.verb:set package 'skid_steer_utils' build argument 'catkin_skip_building_tests' from command line to 'False'
[0.356s] DEBUG:colcon.colcon_core.verb:Building package 'skid_steer_utils' with the following arguments: {'ament_cmake_args': None, 'build_base': '/home/mau/skid_steer_ws/build/skid_steer_utils', 'catkin_cmake_args': None, 'catkin_skip_building_tests': False, 'cmake_args': None, 'cmake_clean_cache': False, 'cmake_clean_first': False, 'cmake_force_configure': False, 'cmake_target': None, 'cmake_target_skip_unavailable': False, 'install_base': '/home/mau/skid_steer_ws/install/skid_steer_utils', 'merge_install': False, 'path': '/home/mau/skid_steer_ws/src/skid_steer_utils', 'symlink_install': False, 'test_result_base': None}
[0.356s] Level 5:colcon.colcon_core.verb:set package 'skid_steer_cpp_examples' build argument 'cmake_args' from command line to 'None'
[0.356s] Level 5:colcon.colcon_core.verb:set package 'skid_steer_cpp_examples' build argument 'cmake_target' from command line to 'None'
[0.356s] Level 5:colcon.colcon_core.verb:set package 'skid_steer_cpp_examples' build argument 'cmake_target_skip_unavailable' from command line to 'False'
[0.356s] Level 5:colcon.colcon_core.verb:set package 'skid_steer_cpp_examples' build argument 'cmake_clean_cache' from command line to 'False'
[0.356s] Level 5:colcon.colcon_core.verb:set package 'skid_steer_cpp_examples' build argument 'cmake_clean_first' from command line to 'False'
[0.356s] Level 5:colcon.colcon_core.verb:set package 'skid_steer_cpp_examples' build argument 'cmake_force_configure' from command line to 'False'
[0.356s] Level 5:colcon.colcon_core.verb:set package 'skid_steer_cpp_examples' build argument 'ament_cmake_args' from command line to 'None'
[0.356s] Level 5:colcon.colcon_core.verb:set package 'skid_steer_cpp_examples' build argument 'catkin_cmake_args' from command line to 'None'
[0.356s] Level 5:colcon.colcon_core.verb:set package 'skid_steer_cpp_examples' build argument 'catkin_skip_building_tests' from command line to 'False'
[0.356s] DEBUG:colcon.colcon_core.verb:Building package 'skid_steer_cpp_examples' with the following arguments: {'ament_cmake_args': None, 'build_base': '/home/mau/skid_steer_ws/build/skid_steer_cpp_examples', 'catkin_cmake_args': None, 'catkin_skip_building_tests': False, 'cmake_args': None, 'cmake_clean_cache': False, 'cmake_clean_first': False, 'cmake_force_configure': False, 'cmake_target': None, 'cmake_target_skip_unavailable': False, 'install_base': '/home/mau/skid_steer_ws/install/skid_steer_cpp_examples', 'merge_install': False, 'path': '/home/mau/skid_steer_ws/src/skid_steer_cpp_examples', 'symlink_install': False, 'test_result_base': None}
[0.356s] Level 5:colcon.colcon_core.verb:set package 'skid_steer_py_examples' build argument 'cmake_args' from command line to 'None'
[0.356s] Level 5:colcon.colcon_core.verb:set package 'skid_steer_py_examples' build argument 'cmake_target' from command line to 'None'
[0.356s] Level 5:colcon.colcon_core.verb:set package 'skid_steer_py_examples' build argument 'cmake_target_skip_unavailable' from command line to 'False'
[0.356s] Level 5:colcon.colcon_core.verb:set package 'skid_steer_py_examples' build argument 'cmake_clean_cache' from command line to 'False'
[0.356s] Level 5:colcon.colcon_core.verb:set package 'skid_steer_py_examples' build argument 'cmake_clean_first' from command line to 'False'
[0.356s] Level 5:colcon.colcon_core.verb:set package 'skid_steer_py_examples' build argument 'cmake_force_configure' from command line to 'False'
[0.356s] Level 5:colcon.colcon_core.verb:set package 'skid_steer_py_examples' build argument 'ament_cmake_args' from command line to 'None'
[0.356s] Level 5:colcon.colcon_core.verb:set package 'skid_steer_py_examples' build argument 'catkin_cmake_args' from command line to 'None'
[0.356s] Level 5:colcon.colcon_core.verb:set package 'skid_steer_py_examples' build argument 'catkin_skip_building_tests' from command line to 'False'
[0.356s] DEBUG:colcon.colcon_core.verb:Building package 'skid_steer_py_examples' with the following arguments: {'ament_cmake_args': None, 'build_base': '/home/mau/skid_steer_ws/build/skid_steer_py_examples', 'catkin_cmake_args': None, 'catkin_skip_building_tests': False, 'cmake_args': None, 'cmake_clean_cache': False, 'cmake_clean_first': False, 'cmake_force_configure': False, 'cmake_target': None, 'cmake_target_skip_unavailable': False, 'install_base': '/home/mau/skid_steer_ws/install/skid_steer_py_examples', 'merge_install': False, 'path': '/home/mau/skid_steer_ws/src/skid_steer_py_examples', 'symlink_install': False, 'test_result_base': None}
[0.357s] INFO:colcon.colcon_core.executor:Executing jobs using 'parallel' executor
[0.357s] DEBUG:colcon.colcon_parallel_executor.executor.parallel:run_until_complete
[0.358s] INFO:colcon.colcon_ros.task.ament_cmake.build:Building ROS package in '/home/mau/skid_steer_ws/src/skid_steer_msgs' with build type 'ament_cmake'
[0.358s] INFO:colcon.colcon_cmake.task.cmake.build:Building CMake package in '/home/mau/skid_steer_ws/src/skid_steer_msgs'
[0.360s] INFO:colcon.colcon_core.plugin_system:Skipping extension 'colcon_core.shell.bat': Not used on non-Windows systems
[0.360s] INFO:colcon.colcon_core.shell:Skip shell extension 'powershell' for command environment: Not usable outside of PowerShell
[0.361s] DEBUG:colcon.colcon_core.shell:Skip shell extension 'dsv' for command environment
[0.367s] INFO:colcon.colcon_ros.task.ament_python.build:Building ROS package in '/home/mau/skid_steer_ws/src/imu_driver' with build type 'ament_python'
[0.367s] Level 1:colcon.colcon_core.shell:create_environment_hook('imu_driver', 'ament_prefix_path')
[0.367s] INFO:colcon.colcon_core.shell:Creating environment hook '/home/mau/skid_steer_ws/install/imu_driver/share/imu_driver/hook/ament_prefix_path.ps1'
[0.368s] INFO:colcon.colcon_core.shell:Creating environment descriptor '/home/mau/skid_steer_ws/install/imu_driver/share/imu_driver/hook/ament_prefix_path.dsv'
[0.368s] INFO:colcon.colcon_core.shell:Creating environment hook '/home/mau/skid_steer_ws/install/imu_driver/share/imu_driver/hook/ament_prefix_path.sh'
[0.369s] INFO:colcon.colcon_core.shell:Skip shell extension 'powershell' for command environment: Not usable outside of PowerShell
[0.369s] DEBUG:colcon.colcon_core.shell:Skip shell extension 'dsv' for command environment
[0.374s] INFO:colcon.colcon_ros.task.ament_cmake.build:Building ROS package in '/home/mau/skid_steer_ws/src/lora_node' with build type 'ament_cmake'
[0.374s] INFO:colcon.colcon_cmake.task.cmake.build:Building CMake package in '/home/mau/skid_steer_ws/src/lora_node'
[0.375s] INFO:colcon.colcon_core.shell:Skip shell extension 'powershell' for command environment: Not usable outside of PowerShell
[0.375s] DEBUG:colcon.colcon_core.shell:Skip shell extension 'dsv' for command environment
[0.380s] INFO:colcon.colcon_ros.task.ament_cmake.build:Building ROS package in '/home/mau/skid_steer_ws/src/point_cloud_processing' with build type 'ament_cmake'
[0.380s] INFO:colcon.colcon_cmake.task.cmake.build:Building CMake package in '/home/mau/skid_steer_ws/src/point_cloud_processing'
[0.380s] INFO:colcon.colcon_core.shell:Skip shell extension 'powershell' for command environment: Not usable outside of PowerShell
[0.380s] DEBUG:colcon.colcon_core.shell:Skip shell extension 'dsv' for command environment
[0.386s] INFO:colcon.colcon_ros.task.ament_cmake.build:Building ROS package in '/home/mau/skid_steer_ws/src/skid_steer_bringup' with build type 'ament_cmake'
[0.386s] INFO:colcon.colcon_cmake.task.cmake.build:Building CMake package in '/home/mau/skid_steer_ws/src/skid_steer_bringup'
[0.386s] INFO:colcon.colcon_core.shell:Skip shell extension 'powershell' for command environment: Not usable outside of PowerShell
[0.386s] DEBUG:colcon.colcon_core.shell:Skip shell extension 'dsv' for command environment
[0.391s] INFO:colcon.colcon_ros.task.ament_cmake.build:Building ROS package in '/home/mau/skid_steer_ws/src/skid_steer_controller' with build type 'ament_cmake'
[0.392s] INFO:colcon.colcon_cmake.task.cmake.build:Building CMake package in '/home/mau/skid_steer_ws/src/skid_steer_controller'
[0.392s] INFO:colcon.colcon_core.shell:Skip shell extension 'powershell' for command environment: Not usable outside of PowerShell
[0.392s] DEBUG:colcon.colcon_core.shell:Skip shell extension 'dsv' for command environment
[0.397s] INFO:colcon.colcon_ros.task.ament_cmake.build:Building ROS package in '/home/mau/skid_steer_ws/src/skid_steer_description' with build type 'ament_cmake'
[0.397s] INFO:colcon.colcon_cmake.task.cmake.build:Building CMake package in '/home/mau/skid_steer_ws/src/skid_steer_description'
[0.397s] INFO:colcon.colcon_core.shell:Skip shell extension 'powershell' for command environment: Not usable outside of PowerShell
[0.397s] DEBUG:colcon.colcon_core.shell:Skip shell extension 'dsv' for command environment
[0.403s] INFO:colcon.colcon_ros.task.ament_cmake.build:Building ROS package in '/home/mau/skid_steer_ws/src/skid_steer_firmware' with build type 'ament_cmake'
[0.403s] INFO:colcon.colcon_cmake.task.cmake.build:Building CMake package in '/home/mau/skid_steer_ws/src/skid_steer_firmware'
[0.403s] INFO:colcon.colcon_core.shell:Skip shell extension 'powershell' for command environment: Not usable outside of PowerShell
[0.403s] DEBUG:colcon.colcon_core.shell:Skip shell extension 'dsv' for command environment
[0.408s] INFO:colcon.colcon_ros.task.ament_cmake.build:Building ROS package in '/home/mau/skid_steer_ws/src/skid_steer_localization' with build type 'ament_cmake'
[0.408s] INFO:colcon.colcon_cmake.task.cmake.build:Building CMake package in '/home/mau/skid_steer_ws/src/skid_steer_localization'
[0.408s] INFO:colcon.colcon_core.shell:Skip shell extension 'powershell' for command environment: Not usable outside of PowerShell
[0.408s] DEBUG:colcon.colcon_core.shell:Skip shell extension 'dsv' for command environment
[0.414s] INFO:colcon.colcon_ros.task.ament_cmake.build:Building ROS package in '/home/mau/skid_steer_ws/src/skid_steer_navigation' with build type 'ament_cmake'
[0.414s] INFO:colcon.colcon_cmake.task.cmake.build:Building CMake package in '/home/mau/skid_steer_ws/src/skid_steer_navigation'
[0.414s] INFO:colcon.colcon_core.shell:Skip shell extension 'powershell' for command environment: Not usable outside of PowerShell
[0.414s] DEBUG:colcon.colcon_core.shell:Skip shell extension 'dsv' for command environment
[0.420s] INFO:colcon.colcon_ros.task.ament_cmake.build:Building ROS package in '/home/mau/skid_steer_ws/src/skid_steer_slam' with build type 'ament_cmake'
[0.420s] INFO:colcon.colcon_cmake.task.cmake.build:Building CMake package in '/home/mau/skid_steer_ws/src/skid_steer_slam'
[0.420s] INFO:colcon.colcon_core.shell:Skip shell extension 'powershell' for command environment: Not usable outside of PowerShell
[0.420s] DEBUG:colcon.colcon_core.shell:Skip shell extension 'dsv' for command environment
[0.425s] INFO:colcon.colcon_ros.task.ament_cmake.build:Building ROS package in '/home/mau/skid_steer_ws/src/skid_steer_utils' with build type 'ament_cmake'
[0.425s] INFO:colcon.colcon_cmake.task.cmake.build:Building CMake package in '/home/mau/skid_steer_ws/src/skid_steer_utils'
[0.426s] INFO:colcon.colcon_core.shell:Skip shell extension 'powershell' for command environment: Not usable outside of PowerShell
[0.426s] DEBUG:colcon.colcon_core.shell:Skip shell extension 'dsv' for command environment
[0.437s] DEBUG:colcon.colcon_core.event_handler.log_command:Invoking command in '/home/mau/skid_steer_ws/build/skid_steer_msgs': CMAKE_PREFIX_PATH=${CMAKE_PREFIX_PATH}:/home/mau/bumperbot_ws/install/bumperbot_py_examples:/home/mau/ros2_ws/install/my_py_pkg:/home/mau/skid_steer_ws/install/skid_steer_py_examples:/home/mau/skid_steer_ws/install/imu_driver:/opt/ros/humble /usr/bin/cmake --build /home/mau/skid_steer_ws/build/skid_steer_msgs -- -j12 -l12
[0.690s] INFO:colcon.colcon_core.task.python.build:Building Python package in '/home/mau/skid_steer_ws/src/imu_driver'
[0.690s] INFO:colcon.colcon_core.shell:Skip shell extension 'powershell' for command environment: Not usable outside of PowerShell
[0.691s] DEBUG:colcon.colcon_core.shell:Skip shell extension 'dsv' for command environment
[0.699s] DEBUG:colcon.colcon_core.event_handler.log_command:Invoking command in '/home/mau/skid_steer_ws/build/lora_node': CMAKE_PREFIX_PATH=${CMAKE_PREFIX_PATH}:/home/mau/bumperbot_ws/install/bumperbot_py_examples:/home/mau/ros2_ws/install/my_py_pkg:/home/mau/skid_steer_ws/install/skid_steer_py_examples:/home/mau/skid_steer_ws/install/imu_driver:/opt/ros/humble /usr/bin/cmake --build /home/mau/skid_steer_ws/build/lora_node -- -j12 -l12
[0.701s] DEBUG:colcon.colcon_core.event_handler.log_command:Invoking command in '/home/mau/skid_steer_ws/build/point_cloud_processing': CMAKE_PREFIX_PATH=${CMAKE_PREFIX_PATH}:/home/mau/bumperbot_ws/install/bumperbot_py_examples:/home/mau/ros2_ws/install/my_py_pkg:/home/mau/skid_steer_ws/install/skid_steer_py_examples:/home/mau/skid_steer_ws/install/imu_driver:/opt/ros/humble /usr/bin/cmake --build /home/mau/skid_steer_ws/build/point_cloud_processing -- -j12 -l12
[0.703s] DEBUG:colcon.colcon_core.event_handler.log_command:Invoking command in '/home/mau/skid_steer_ws/build/skid_steer_bringup': CMAKE_PREFIX_PATH=${CMAKE_PREFIX_PATH}:/home/mau/bumperbot_ws/install/bumperbot_py_examples:/home/mau/ros2_ws/install/my_py_pkg:/home/mau/skid_steer_ws/install/skid_steer_py_examples:/home/mau/skid_steer_ws/install/imu_driver:/opt/ros/humble /usr/bin/cmake --build /home/mau/skid_steer_ws/build/skid_steer_bringup -- -j12 -l12
[0.705s] DEBUG:colcon.colcon_core.event_handler.log_command:Invoking command in '/home/mau/skid_steer_ws/build/skid_steer_controller': CMAKE_PREFIX_PATH=${CMAKE_PREFIX_PATH}:/home/mau/bumperbot_ws/install/bumperbot_py_examples:/home/mau/ros2_ws/install/my_py_pkg:/home/mau/skid_steer_ws/install/skid_steer_py_examples:/home/mau/skid_steer_ws/install/imu_driver:/opt/ros/humble /usr/bin/cmake --build /home/mau/skid_steer_ws/build/skid_steer_controller -- -j12 -l12
[0.708s] DEBUG:colcon.colcon_core.event_handler.log_command:Invoking command in '/home/mau/skid_steer_ws/build/skid_steer_description': CMAKE_PREFIX_PATH=${CMAKE_PREFIX_PATH}:/home/mau/bumperbot_ws/install/bumperbot_py_examples:/home/mau/ros2_ws/install/my_py_pkg:/home/mau/skid_steer_ws/install/skid_steer_py_examples:/home/mau/skid_steer_ws/install/imu_driver:/opt/ros/humble /usr/bin/cmake --build /home/mau/skid_steer_ws/build/skid_steer_description -- -j12 -l12
[0.710s] DEBUG:colcon.colcon_core.event_handler.log_command:Invoking command in '/home/mau/skid_steer_ws/build/skid_steer_firmware': CMAKE_PREFIX_PATH=${CMAKE_PREFIX_PATH}:/home/mau/bumperbot_ws/install/bumperbot_py_examples:/home/mau/ros2_ws/install/my_py_pkg:/home/mau/skid_steer_ws/install/skid_steer_py_examples:/home/mau/skid_steer_ws/install/imu_driver:/opt/ros/humble /usr/bin/cmake --build /home/mau/skid_steer_ws/build/skid_steer_firmware -- -j12 -l12
[0.712s] DEBUG:colcon.colcon_core.event_handler.log_command:Invoking command in '/home/mau/skid_steer_ws/build/skid_steer_localization': CMAKE_PREFIX_PATH=${CMAKE_PREFIX_PATH}:/home/mau/bumperbot_ws/install/bumperbot_py_examples:/home/mau/ros2_ws/install/my_py_pkg:/home/mau/skid_steer_ws/install/skid_steer_py_examples:/home/mau/skid_steer_ws/install/imu_driver:/opt/ros/humble /usr/bin/cmake --build /home/mau/skid_steer_ws/build/skid_steer_localization -- -j12 -l12
[0.715s] DEBUG:colcon.colcon_core.event_handler.log_command:Invoking command in '/home/mau/skid_steer_ws/build/skid_steer_navigation': CMAKE_PREFIX_PATH=${CMAKE_PREFIX_PATH}:/home/mau/bumperbot_ws/install/bumperbot_py_examples:/home/mau/ros2_ws/install/my_py_pkg:/home/mau/skid_steer_ws/install/skid_steer_py_examples:/home/mau/skid_steer_ws/install/imu_driver:/opt/ros/humble /usr/bin/cmake --build /home/mau/skid_steer_ws/build/skid_steer_navigation -- -j12 -l12
[0.718s] DEBUG:colcon.colcon_core.event_handler.log_command:Invoking command in '/home/mau/skid_steer_ws/build/skid_steer_slam': CMAKE_PREFIX_PATH=${CMAKE_PREFIX_PATH}:/home/mau/bumperbot_ws/install/bumperbot_py_examples:/home/mau/ros2_ws/install/my_py_pkg:/home/mau/skid_steer_ws/install/skid_steer_py_examples:/home/mau/skid_steer_ws/install/imu_driver:/opt/ros/humble /usr/bin/cmake --build /home/mau/skid_steer_ws/build/skid_steer_slam -- -j12 -l12
[0.730s] DEBUG:colcon.colcon_core.event_handler.log_command:Invoking command in '/home/mau/skid_steer_ws/build/skid_steer_utils': CMAKE_PREFIX_PATH=${CMAKE_PREFIX_PATH}:/home/mau/bumperbot_ws/install/bumperbot_py_examples:/home/mau/ros2_ws/install/my_py_pkg:/home/mau/skid_steer_ws/install/skid_steer_py_examples:/home/mau/skid_steer_ws/install/imu_driver:/opt/ros/humble /usr/bin/cmake --build /home/mau/skid_steer_ws/build/skid_steer_utils -- -j12 -l12
[0.764s] DEBUG:colcon.colcon_core.event_handler.log_command:Invoked command in '/home/mau/skid_steer_ws/build/skid_steer_bringup' returned '0': CMAKE_PREFIX_PATH=${CMAKE_PREFIX_PATH}:/home/mau/bumperbot_ws/install/bumperbot_py_examples:/home/mau/ros2_ws/install/my_py_pkg:/home/mau/skid_steer_ws/install/skid_steer_py_examples:/home/mau/skid_steer_ws/install/imu_driver:/opt/ros/humble /usr/bin/cmake --build /home/mau/skid_steer_ws/build/skid_steer_bringup -- -j12 -l12
[0.780s] DEBUG:colcon.colcon_core.event_handler.log_command:Invoking command in '/home/mau/skid_steer_ws/build/skid_steer_bringup': CMAKE_PREFIX_PATH=${CMAKE_PREFIX_PATH}:/home/mau/bumperbot_ws/install/bumperbot_py_examples:/home/mau/ros2_ws/install/my_py_pkg:/home/mau/skid_steer_ws/install/skid_steer_py_examples:/home/mau/skid_steer_ws/install/imu_driver:/opt/ros/humble /usr/bin/cmake --install /home/mau/skid_steer_ws/build/skid_steer_bringup
[0.799s] DEBUG:colcon.colcon_core.event_handler.log_command:Invoked command in '/home/mau/skid_steer_ws/build/skid_steer_navigation' returned '0': CMAKE_PREFIX_PATH=${CMAKE_PREFIX_PATH}:/home/mau/bumperbot_ws/install/bumperbot_py_examples:/home/mau/ros2_ws/install/my_py_pkg:/home/mau/skid_steer_ws/install/skid_steer_py_examples:/home/mau/skid_steer_ws/install/imu_driver:/opt/ros/humble /usr/bin/cmake --build /home/mau/skid_steer_ws/build/skid_steer_navigation -- -j12 -l12
[0.801s] DEBUG:colcon.colcon_core.event_handler.log_command:Invoking command in '/home/mau/skid_steer_ws/build/skid_steer_navigation': CMAKE_PREFIX_PATH=${CMAKE_PREFIX_PATH}:/home/mau/bumperbot_ws/install/bumperbot_py_examples:/home/mau/ros2_ws/install/my_py_pkg:/home/mau/skid_steer_ws/install/skid_steer_py_examples:/home/mau/skid_steer_ws/install/imu_driver:/opt/ros/humble /usr/bin/cmake --install /home/mau/skid_steer_ws/build/skid_steer_navigation
[0.801s] DEBUG:colcon.colcon_core.event_handler.log_command:Invoked command in '/home/mau/skid_steer_ws/build/skid_steer_description' returned '0': CMAKE_PREFIX_PATH=${CMAKE_PREFIX_PATH}:/home/mau/bumperbot_ws/install/bumperbot_py_examples:/home/mau/ros2_ws/install/my_py_pkg:/home/mau/skid_steer_ws/install/skid_steer_py_examples:/home/mau/skid_steer_ws/install/imu_driver:/opt/ros/humble /usr/bin/cmake --build /home/mau/skid_steer_ws/build/skid_steer_description -- -j12 -l12
[0.805s] DEBUG:colcon.colcon_core.event_handler.log_command:Invoking command in '/home/mau/skid_steer_ws/build/skid_steer_description': CMAKE_PREFIX_PATH=${CMAKE_PREFIX_PATH}:/home/mau/bumperbot_ws/install/bumperbot_py_examples:/home/mau/ros2_ws/install/my_py_pkg:/home/mau/skid_steer_ws/install/skid_steer_py_examples:/home/mau/skid_steer_ws/install/imu_driver:/opt/ros/humble /usr/bin/cmake --install /home/mau/skid_steer_ws/build/skid_steer_description
[0.809s] Level 1:colcon.colcon_core.environment:create_environment_scripts_only(skid_steer_bringup)
[0.815s] Level 1:colcon.colcon_core.environment:checking '/home/mau/skid_steer_ws/install/skid_steer_bringup' for CMake module files
[0.815s] Level 1:colcon.colcon_core.environment:checking '/home/mau/skid_steer_ws/install/skid_steer_bringup' for CMake config files
[0.815s] Level 1:colcon.colcon_core.shell:create_environment_hook('skid_steer_bringup', 'cmake_prefix_path')
[0.816s] INFO:colcon.colcon_core.shell:Creating environment hook '/home/mau/skid_steer_ws/install/skid_steer_bringup/share/skid_steer_bringup/hook/cmake_prefix_path.ps1'
[0.816s] INFO:colcon.colcon_core.shell:Creating environment descriptor '/home/mau/skid_steer_ws/install/skid_steer_bringup/share/skid_steer_bringup/hook/cmake_prefix_path.dsv'
[0.817s] INFO:colcon.colcon_core.shell:Creating environment hook '/home/mau/skid_steer_ws/install/skid_steer_bringup/share/skid_steer_bringup/hook/cmake_prefix_path.sh'
[0.819s] DEBUG:colcon.colcon_core.event_handler.log_command:Invoked command in '/home/mau/skid_steer_ws/build/skid_steer_bringup' returned '0': CMAKE_PREFIX_PATH=${CMAKE_PREFIX_PATH}:/home/mau/bumperbot_ws/install/bumperbot_py_examples:/home/mau/ros2_ws/install/my_py_pkg:/home/mau/skid_steer_ws/install/skid_steer_py_examples:/home/mau/skid_steer_ws/install/imu_driver:/opt/ros/humble /usr/bin/cmake --install /home/mau/skid_steer_ws/build/skid_steer_bringup
[0.819s] Level 1:colcon.colcon_core.environment:checking '/home/mau/skid_steer_ws/install/skid_steer_bringup/bin'
[0.819s] Level 1:colcon.colcon_core.environment:checking '/home/mau/skid_steer_ws/install/skid_steer_bringup/lib/pkgconfig/skid_steer_bringup.pc'
[0.820s] Level 1:colcon.colcon_core.environment:checking '/home/mau/skid_steer_ws/install/skid_steer_bringup/lib/python3.10/site-packages'
[0.820s] Level 1:colcon.colcon_core.environment:checking '/home/mau/skid_steer_ws/install/skid_steer_bringup/bin'
[0.820s] INFO:colcon.colcon_core.shell:Creating package script '/home/mau/skid_steer_ws/install/skid_steer_bringup/share/skid_steer_bringup/package.ps1'
[0.821s] INFO:colcon.colcon_core.shell:Creating package descriptor '/home/mau/skid_steer_ws/install/skid_steer_bringup/share/skid_steer_bringup/package.dsv'
[0.823s] INFO:colcon.colcon_core.shell:Creating package script '/home/mau/skid_steer_ws/install/skid_steer_bringup/share/skid_steer_bringup/package.sh'
[0.824s] INFO:colcon.colcon_core.shell:Creating package script '/home/mau/skid_steer_ws/install/skid_steer_bringup/share/skid_steer_bringup/package.bash'
[0.826s] INFO:colcon.colcon_core.shell:Creating package script '/home/mau/skid_steer_ws/install/skid_steer_bringup/share/skid_steer_bringup/package.zsh'
[0.826s] Level 1:colcon.colcon_core.environment:create_file_with_runtime_dependencies(/home/mau/skid_steer_ws/install/skid_steer_bringup/share/colcon-core/packages/skid_steer_bringup)
[0.827s] Level 1:colcon.colcon_core.environment:create_environment_scripts_only(skid_steer_bringup)
[0.827s] Level 1:colcon.colcon_core.environment:checking '/home/mau/skid_steer_ws/install/skid_steer_bringup' for CMake module files
[0.828s] Level 1:colcon.colcon_core.environment:checking '/home/mau/skid_steer_ws/install/skid_steer_bringup' for CMake config files
[0.828s] Level 1:colcon.colcon_core.shell:create_environment_hook('skid_steer_bringup', 'cmake_prefix_path')
[0.828s] INFO:colcon.colcon_core.shell:Creating environment hook '/home/mau/skid_steer_ws/install/skid_steer_bringup/share/skid_steer_bringup/hook/cmake_prefix_path.ps1'
[0.829s] INFO:colcon.colcon_core.shell:Creating environment descriptor '/home/mau/skid_steer_ws/install/skid_steer_bringup/share/skid_steer_bringup/hook/cmake_prefix_path.dsv'
[0.829s] INFO:colcon.colcon_core.shell:Creating environment hook '/home/mau/skid_steer_ws/install/skid_steer_bringup/share/skid_steer_bringup/hook/cmake_prefix_path.sh'
[0.830s] Level 1:colcon.colcon_core.environment:checking '/home/mau/skid_steer_ws/install/skid_steer_bringup/bin'
[0.830s] Level 1:colcon.colcon_core.environment:checking '/home/mau/skid_steer_ws/install/skid_steer_bringup/lib/pkgconfig/skid_steer_bringup.pc'
[0.830s] Level 1:colcon.colcon_core.environment:checking '/home/mau/skid_steer_ws/install/skid_steer_bringup/lib/python3.10/site-packages'
[0.830s] Level 1:colcon.colcon_core.environment:checking '/home/mau/skid_steer_ws/install/skid_steer_bringup/bin'
[0.831s] INFO:colcon.colcon_core.shell:Creating package script '/home/mau/skid_steer_ws/install/skid_steer_bringup/share/skid_steer_bringup/package.ps1'
[0.831s] INFO:colcon.colcon_core.shell:Creating package descriptor '/home/mau/skid_steer_ws/install/skid_steer_bringup/share/skid_steer_bringup/package.dsv'
[0.832s] INFO:colcon.colcon_core.shell:Creating package script '/home/mau/skid_steer_ws/install/skid_steer_bringup/share/skid_steer_bringup/package.sh'
[0.832s] INFO:colcon.colcon_core.shell:Creating package script '/home/mau/skid_steer_ws/install/skid_steer_bringup/share/skid_steer_bringup/package.bash'
[0.833s] INFO:colcon.colcon_core.shell:Creating package script '/home/mau/skid_steer_ws/install/skid_steer_bringup/share/skid_steer_bringup/package.zsh'
[0.833s] Level 1:colcon.colcon_core.environment:create_file_with_runtime_dependencies(/home/mau/skid_steer_ws/install/skid_steer_bringup/share/colcon-core/packages/skid_steer_bringup)
[0.836s] DEBUG:colcon.colcon_core.event_handler.log_command:Invoked command in '/home/mau/skid_steer_ws/build/skid_steer_slam' returned '0': CMAKE_PREFIX_PATH=${CMAKE_PREFIX_PATH}:/home/mau/bumperbot_ws/install/bumperbot_py_examples:/home/mau/ros2_ws/install/my_py_pkg:/home/mau/skid_steer_ws/install/skid_steer_py_examples:/home/mau/skid_steer_ws/install/imu_driver:/opt/ros/humble /usr/bin/cmake --build /home/mau/skid_steer_ws/build/skid_steer_slam -- -j12 -l12
[0.836s] DEBUG:colcon.colcon_core.event_handler.log_command:Invoking command in '/home/mau/skid_steer_ws/build/skid_steer_slam': CMAKE_PREFIX_PATH=${CMAKE_PREFIX_PATH}:/home/mau/bumperbot_ws/install/bumperbot_py_examples:/home/mau/ros2_ws/install/my_py_pkg:/home/mau/skid_steer_ws/install/skid_steer_py_examples:/home/mau/skid_steer_ws/install/imu_driver:/opt/ros/humble /usr/bin/cmake --install /home/mau/skid_steer_ws/build/skid_steer_slam
[0.845s] Level 1:colcon.colcon_core.environment:create_environment_scripts_only(skid_steer_navigation)
[0.845s] Level 1:colcon.colcon_core.environment:checking '/home/mau/skid_steer_ws/install/skid_steer_navigation' for CMake module files
[0.849s] Level 1:colcon.colcon_core.environment:checking '/home/mau/skid_steer_ws/install/skid_steer_navigation' for CMake config files
[0.851s] DEBUG:colcon.colcon_core.event_handler.log_command:Invoked command in '/home/mau/skid_steer_ws/build/lora_node' returned '0': CMAKE_PREFIX_PATH=${CMAKE_PREFIX_PATH}:/home/mau/bumperbot_ws/install/bumperbot_py_examples:/home/mau/ros2_ws/install/my_py_pkg:/home/mau/skid_steer_ws/install/skid_steer_py_examples:/home/mau/skid_steer_ws/install/imu_driver:/opt/ros/humble /usr/bin/cmake --build /home/mau/skid_steer_ws/build/lora_node -- -j12 -l12
[0.855s] Level 1:colcon.colcon_core.shell:create_environment_hook('skid_steer_navigation', 'cmake_prefix_path')
[0.856s] INFO:colcon.colcon_core.shell:Creating environment hook '/home/mau/skid_steer_ws/install/skid_steer_navigation/share/skid_steer_navigation/hook/cmake_prefix_path.ps1'
[0.857s] INFO:colcon.colcon_core.shell:Creating environment descriptor '/home/mau/skid_steer_ws/install/skid_steer_navigation/share/skid_steer_navigation/hook/cmake_prefix_path.dsv'
[0.859s] INFO:colcon.colcon_core.shell:Creating environment hook '/home/mau/skid_steer_ws/install/skid_steer_navigation/share/skid_steer_navigation/hook/cmake_prefix_path.sh'
[0.861s] DEBUG:colcon.colcon_core.event_handler.log_command:Invoking command in '/home/mau/skid_steer_ws/build/lora_node': CMAKE_PREFIX_PATH=${CMAKE_PREFIX_PATH}:/home/mau/bumperbot_ws/install/bumperbot_py_examples:/home/mau/ros2_ws/install/my_py_pkg:/home/mau/skid_steer_ws/install/skid_steer_py_examples:/home/mau/skid_steer_ws/install/imu_driver:/opt/ros/humble /usr/bin/cmake --install /home/mau/skid_steer_ws/build/lora_node
[0.861s] Level 1:colcon.colcon_core.environment:checking '/home/mau/skid_steer_ws/install/skid_steer_navigation/bin'
[0.862s] Level 1:colcon.colcon_core.environment:checking '/home/mau/skid_steer_ws/install/skid_steer_navigation/lib/pkgconfig/skid_steer_navigation.pc'
[0.862s] Level 1:colcon.colcon_core.environment:checking '/home/mau/skid_steer_ws/install/skid_steer_navigation/lib/python3.10/site-packages'
[0.862s] Level 1:colcon.colcon_core.environment:checking '/home/mau/skid_steer_ws/install/skid_steer_navigation/bin'
[0.862s] INFO:colcon.colcon_core.shell:Creating package script '/home/mau/skid_steer_ws/install/skid_steer_navigation/share/skid_steer_navigation/package.ps1'
[0.864s] INFO:colcon.colcon_core.shell:Creating package descriptor '/home/mau/skid_steer_ws/install/skid_steer_navigation/share/skid_steer_navigation/package.dsv'
[0.867s] INFO:colcon.colcon_core.shell:Creating package script '/home/mau/skid_steer_ws/install/skid_steer_navigation/share/skid_steer_navigation/package.sh'
[0.868s] DEBUG:colcon.colcon_core.event_handler.log_command:Invoked command in '/home/mau/skid_steer_ws/build/skid_steer_navigation' returned '0': CMAKE_PREFIX_PATH=${CMAKE_PREFIX_PATH}:/home/mau/bumperbot_ws/install/bumperbot_py_examples:/home/mau/ros2_ws/install/my_py_pkg:/home/mau/skid_steer_ws/install/skid_steer_py_examples:/home/mau/skid_steer_ws/install/imu_driver:/opt/ros/humble /usr/bin/cmake --install /home/mau/skid_steer_ws/build/skid_steer_navigation
[0.868s] INFO:colcon.colcon_core.shell:Creating package script '/home/mau/skid_steer_ws/install/skid_steer_navigation/share/skid_steer_navigation/package.bash'
[0.870s] INFO:colcon.colcon_core.shell:Creating package script '/home/mau/skid_steer_ws/install/skid_steer_navigation/share/skid_steer_navigation/package.zsh'
[0.872s] Level 1:colcon.colcon_core.environment:create_file_with_runtime_dependencies(/home/mau/skid_steer_ws/install/skid_steer_navigation/share/colcon-core/packages/skid_steer_navigation)
[0.875s] Level 1:colcon.colcon_core.environment:create_environment_scripts_only(skid_steer_navigation)
[0.875s] Level 1:colcon.colcon_core.environment:checking '/home/mau/skid_steer_ws/install/skid_steer_navigation' for CMake module files
[0.878s] Level 1:colcon.colcon_core.environment:checking '/home/mau/skid_steer_ws/install/skid_steer_navigation' for CMake config files
[0.883s] Level 1:colcon.colcon_core.shell:create_environment_hook('skid_steer_navigation', 'cmake_prefix_path')
[0.883s] INFO:colcon.colcon_core.shell:Creating environment hook '/home/mau/skid_steer_ws/install/skid_steer_navigation/share/skid_steer_navigation/hook/cmake_prefix_path.ps1'
[0.885s] INFO:colcon.colcon_core.shell:Creating environment descriptor '/home/mau/skid_steer_ws/install/skid_steer_navigation/share/skid_steer_navigation/hook/cmake_prefix_path.dsv'
[0.887s] INFO:colcon.colcon_core.shell:Creating environment hook '/home/mau/skid_steer_ws/install/skid_steer_navigation/share/skid_steer_navigation/hook/cmake_prefix_path.sh'
[0.889s] Level 1:colcon.colcon_core.environment:checking '/home/mau/skid_steer_ws/install/skid_steer_navigation/bin'
[0.889s] Level 1:colcon.colcon_core.environment:checking '/home/mau/skid_steer_ws/install/skid_steer_navigation/lib/pkgconfig/skid_steer_navigation.pc'
[0.890s] Level 1:colcon.colcon_core.environment:checking '/home/mau/skid_steer_ws/install/skid_steer_navigation/lib/python3.10/site-packages'
[0.890s] Level 1:colcon.colcon_core.environment:checking '/home/mau/skid_steer_ws/install/skid_steer_navigation/bin'
[0.890s] INFO:colcon.colcon_core.shell:Creating package script '/home/mau/skid_steer_ws/install/skid_steer_navigation/share/skid_steer_navigation/package.ps1'
[0.892s] INFO:colcon.colcon_core.shell:Creating package descriptor '/home/mau/skid_steer_ws/install/skid_steer_navigation/share/skid_steer_navigation/package.dsv'
[0.895s] INFO:colcon.colcon_core.shell:Creating package script '/home/mau/skid_steer_ws/install/skid_steer_navigation/share/skid_steer_navigation/package.sh'
[0.897s] INFO:colcon.colcon_core.shell:Creating package script '/home/mau/skid_steer_ws/install/skid_steer_navigation/share/skid_steer_navigation/package.bash'
[0.899s] INFO:colcon.colcon_core.shell:Creating package script '/home/mau/skid_steer_ws/install/skid_steer_navigation/share/skid_steer_navigation/package.zsh'
[0.900s] Level 1:colcon.colcon_core.environment:create_file_with_runtime_dependencies(/home/mau/skid_steer_ws/install/skid_steer_navigation/share/colcon-core/packages/skid_steer_navigation)
[0.904s] DEBUG:colcon.colcon_core.event_handler.log_command:Invoked command in '/home/mau/skid_steer_ws/build/point_cloud_processing' returned '0': CMAKE_PREFIX_PATH=${CMAKE_PREFIX_PATH}:/home/mau/bumperbot_ws/install/bumperbot_py_examples:/home/mau/ros2_ws/install/my_py_pkg:/home/mau/skid_steer_ws/install/skid_steer_py_examples:/home/mau/skid_steer_ws/install/imu_driver:/opt/ros/humble /usr/bin/cmake --build /home/mau/skid_steer_ws/build/point_cloud_processing -- -j12 -l12
[0.906s] DEBUG:colcon.colcon_core.event_handler.log_command:Invoking command in '/home/mau/skid_steer_ws/build/point_cloud_processing': CMAKE_PREFIX_PATH=${CMAKE_PREFIX_PATH}:/home/mau/bumperbot_ws/install/bumperbot_py_examples:/home/mau/ros2_ws/install/my_py_pkg:/home/mau/skid_steer_ws/install/skid_steer_py_examples:/home/mau/skid_steer_ws/install/imu_driver:/opt/ros/humble /usr/bin/cmake --install /home/mau/skid_steer_ws/build/point_cloud_processing
[0.907s] DEBUG:colcon.colcon_core.event_handler.log_command:Invoked command in '/home/mau/skid_steer_ws/build/skid_steer_firmware' returned '0': CMAKE_PREFIX_PATH=${CMAKE_PREFIX_PATH}:/home/mau/bumperbot_ws/install/bumperbot_py_examples:/home/mau/ros2_ws/install/my_py_pkg:/home/mau/skid_steer_ws/install/skid_steer_py_examples:/home/mau/skid_steer_ws/install/imu_driver:/opt/ros/humble /usr/bin/cmake --build /home/mau/skid_steer_ws/build/skid_steer_firmware -- -j12 -l12
[0.909s] DEBUG:colcon.colcon_core.event_handler.log_command:Invoking command in '/home/mau/skid_steer_ws/build/skid_steer_firmware': CMAKE_PREFIX_PATH=${CMAKE_PREFIX_PATH}:/home/mau/bumperbot_ws/install/bumperbot_py_examples:/home/mau/ros2_ws/install/my_py_pkg:/home/mau/skid_steer_ws/install/skid_steer_py_examples:/home/mau/skid_steer_ws/install/imu_driver:/opt/ros/humble /usr/bin/cmake --install /home/mau/skid_steer_ws/build/skid_steer_firmware
[0.910s] DEBUG:colcon.colcon_core.event_handler.log_command:Invoked command in '/home/mau/skid_steer_ws/build/skid_steer_utils' returned '0': CMAKE_PREFIX_PATH=${CMAKE_PREFIX_PATH}:/home/mau/bumperbot_ws/install/bumperbot_py_examples:/home/mau/ros2_ws/install/my_py_pkg:/home/mau/skid_steer_ws/install/skid_steer_py_examples:/home/mau/skid_steer_ws/install/imu_driver:/opt/ros/humble /usr/bin/cmake --build /home/mau/skid_steer_ws/build/skid_steer_utils -- -j12 -l12
[0.912s] DEBUG:colcon.colcon_core.event_handler.log_command:Invoking command in '/home/mau/skid_steer_ws/build/skid_steer_utils': CMAKE_PREFIX_PATH=${CMAKE_PREFIX_PATH}:/home/mau/bumperbot_ws/install/bumperbot_py_examples:/home/mau/ros2_ws/install/my_py_pkg:/home/mau/skid_steer_ws/install/skid_steer_py_examples:/home/mau/skid_steer_ws/install/imu_driver:/opt/ros/humble /usr/bin/cmake --install /home/mau/skid_steer_ws/build/skid_steer_utils
[0.912s] Level 1:colcon.colcon_core.environment:create_environment_scripts_only(skid_steer_slam)
[0.912s] Level 1:colcon.colcon_core.environment:checking '/home/mau/skid_steer_ws/install/skid_steer_slam' for CMake module files
[0.913s] DEBUG:colcon.colcon_core.event_handler.log_command:Invoked command in '/home/mau/skid_steer_ws/build/skid_steer_slam' returned '0': CMAKE_PREFIX_PATH=${CMAKE_PREFIX_PATH}:/home/mau/bumperbot_ws/install/bumperbot_py_examples:/home/mau/ros2_ws/install/my_py_pkg:/home/mau/skid_steer_ws/install/skid_steer_py_examples:/home/mau/skid_steer_ws/install/imu_driver:/opt/ros/humble /usr/bin/cmake --install /home/mau/skid_steer_ws/build/skid_steer_slam
[0.913s] Level 1:colcon.colcon_core.environment:checking '/home/mau/skid_steer_ws/install/skid_steer_slam' for CMake config files
[0.913s] Level 1:colcon.colcon_core.shell:create_environment_hook('skid_steer_slam', 'cmake_prefix_path')
[0.913s] INFO:colcon.colcon_core.shell:Creating environment hook '/home/mau/skid_steer_ws/install/skid_steer_slam/share/skid_steer_slam/hook/cmake_prefix_path.ps1'
[0.914s] INFO:colcon.colcon_core.shell:Creating environment descriptor '/home/mau/skid_steer_ws/install/skid_steer_slam/share/skid_steer_slam/hook/cmake_prefix_path.dsv'
[0.914s] INFO:colcon.colcon_core.shell:Creating environment hook '/home/mau/skid_steer_ws/install/skid_steer_slam/share/skid_steer_slam/hook/cmake_prefix_path.sh'
[0.915s] Level 1:colcon.colcon_core.environment:checking '/home/mau/skid_steer_ws/install/skid_steer_slam/bin'
[0.915s] Level 1:colcon.colcon_core.environment:checking '/home/mau/skid_steer_ws/install/skid_steer_slam/lib/pkgconfig/skid_steer_slam.pc'
[0.915s] Level 1:colcon.colcon_core.environment:checking '/home/mau/skid_steer_ws/install/skid_steer_slam/lib/python3.10/site-packages'
[0.915s] Level 1:colcon.colcon_core.environment:checking '/home/mau/skid_steer_ws/install/skid_steer_slam/bin'
[0.916s] INFO:colcon.colcon_core.shell:Creating package script '/home/mau/skid_steer_ws/install/skid_steer_slam/share/skid_steer_slam/package.ps1'
[0.916s] INFO:colcon.colcon_core.shell:Creating package descriptor '/home/mau/skid_steer_ws/install/skid_steer_slam/share/skid_steer_slam/package.dsv'
[0.917s] INFO:colcon.colcon_core.shell:Creating package script '/home/mau/skid_steer_ws/install/skid_steer_slam/share/skid_steer_slam/package.sh'
[0.918s] INFO:colcon.colcon_core.shell:Creating package script '/home/mau/skid_steer_ws/install/skid_steer_slam/share/skid_steer_slam/package.bash'
[0.921s] INFO:colcon.colcon_core.shell:Creating package script '/home/mau/skid_steer_ws/install/skid_steer_slam/share/skid_steer_slam/package.zsh'
[0.922s] Level 1:colcon.colcon_core.environment:create_file_with_runtime_dependencies(/home/mau/skid_steer_ws/install/skid_steer_slam/share/colcon-core/packages/skid_steer_slam)
[0.922s] Level 1:colcon.colcon_core.environment:create_environment_scripts_only(skid_steer_slam)
[0.923s] Level 1:colcon.colcon_core.environment:checking '/home/mau/skid_steer_ws/install/skid_steer_slam' for CMake module files
[0.923s] Level 1:colcon.colcon_core.environment:checking '/home/mau/skid_steer_ws/install/skid_steer_slam' for CMake config files
[0.924s] Level 1:colcon.colcon_core.shell:create_environment_hook('skid_steer_slam', 'cmake_prefix_path')
[0.924s] INFO:colcon.colcon_core.shell:Creating environment hook '/home/mau/skid_steer_ws/install/skid_steer_slam/share/skid_steer_slam/hook/cmake_prefix_path.ps1'
[0.924s] INFO:colcon.colcon_core.shell:Creating environment descriptor '/home/mau/skid_steer_ws/install/skid_steer_slam/share/skid_steer_slam/hook/cmake_prefix_path.dsv'
[0.925s] INFO:colcon.colcon_core.shell:Creating environment hook '/home/mau/skid_steer_ws/install/skid_steer_slam/share/skid_steer_slam/hook/cmake_prefix_path.sh'
[0.925s] Level 1:colcon.colcon_core.environment:checking '/home/mau/skid_steer_ws/install/skid_steer_slam/bin'
[0.925s] Level 1:colcon.colcon_core.environment:checking '/home/mau/skid_steer_ws/install/skid_steer_slam/lib/pkgconfig/skid_steer_slam.pc'
[0.925s] Level 1:colcon.colcon_core.environment:checking '/home/mau/skid_steer_ws/install/skid_steer_slam/lib/python3.10/site-packages'
[0.926s] Level 1:colcon.colcon_core.environment:checking '/home/mau/skid_steer_ws/install/skid_steer_slam/bin'
[0.926s] INFO:colcon.colcon_core.shell:Creating package script '/home/mau/skid_steer_ws/install/skid_steer_slam/share/skid_steer_slam/package.ps1'
[0.926s] INFO:colcon.colcon_core.shell:Creating package descriptor '/home/mau/skid_steer_ws/install/skid_steer_slam/share/skid_steer_slam/package.dsv'
[0.927s] INFO:colcon.colcon_core.shell:Creating package script '/home/mau/skid_steer_ws/install/skid_steer_slam/share/skid_steer_slam/package.sh'
[0.927s] INFO:colcon.colcon_core.shell:Creating package script '/home/mau/skid_steer_ws/install/skid_steer_slam/share/skid_steer_slam/package.bash'
[0.928s] INFO:colcon.colcon_core.shell:Creating package script '/home/mau/skid_steer_ws/install/skid_steer_slam/share/skid_steer_slam/package.zsh'
[0.928s] Level 1:colcon.colcon_core.environment:create_file_with_runtime_dependencies(/home/mau/skid_steer_ws/install/skid_steer_slam/share/colcon-core/packages/skid_steer_slam)
[0.929s] DEBUG:colcon.colcon_core.event_handler.log_command:Invoked command in '/home/mau/skid_steer_ws/build/skid_steer_msgs' returned '0': CMAKE_PREFIX_PATH=${CMAKE_PREFIX_PATH}:/home/mau/bumperbot_ws/install/bumperbot_py_examples:/home/mau/ros2_ws/install/my_py_pkg:/home/mau/skid_steer_ws/install/skid_steer_py_examples:/home/mau/skid_steer_ws/install/imu_driver:/opt/ros/humble /usr/bin/cmake --build /home/mau/skid_steer_ws/build/skid_steer_msgs -- -j12 -l12
[0.930s] DEBUG:colcon.colcon_core.event_handler.log_command:Invoking command in '/home/mau/skid_steer_ws/build/skid_steer_msgs': CMAKE_PREFIX_PATH=${CMAKE_PREFIX_PATH}:/home/mau/bumperbot_ws/install/bumperbot_py_examples:/home/mau/ros2_ws/install/my_py_pkg:/home/mau/skid_steer_ws/install/skid_steer_py_examples:/home/mau/skid_steer_ws/install/imu_driver:/opt/ros/humble /usr/bin/cmake --install /home/mau/skid_steer_ws/build/skid_steer_msgs
[0.931s] Level 1:colcon.colcon_core.environment:create_environment_scripts_only(lora_node)
[0.931s] DEBUG:colcon.colcon_core.event_handler.log_command:Invoked command in '/home/mau/skid_steer_ws/build/lora_node' returned '0': CMAKE_PREFIX_PATH=${CMAKE_PREFIX_PATH}:/home/mau/bumperbot_ws/install/bumperbot_py_examples:/home/mau/ros2_ws/install/my_py_pkg:/home/mau/skid_steer_ws/install/skid_steer_py_examples:/home/mau/skid_steer_ws/install/imu_driver:/opt/ros/humble /usr/bin/cmake --install /home/mau/skid_steer_ws/build/lora_node
[0.931s] Level 1:colcon.colcon_core.environment:checking '/home/mau/skid_steer_ws/install/lora_node' for CMake module files
[0.932s] Level 1:colcon.colcon_core.environment:checking '/home/mau/skid_steer_ws/install/lora_node' for CMake config files
[0.932s] Level 1:colcon.colcon_core.shell:create_environment_hook('lora_node', 'cmake_prefix_path')
[0.932s] INFO:colcon.colcon_core.shell:Creating environment hook '/home/mau/skid_steer_ws/install/lora_node/share/lora_node/hook/cmake_prefix_path.ps1'
[0.933s] INFO:colcon.colcon_core.shell:Creating environment descriptor '/home/mau/skid_steer_ws/install/lora_node/share/lora_node/hook/cmake_prefix_path.dsv'
[0.933s] INFO:colcon.colcon_core.shell:Creating environment hook '/home/mau/skid_steer_ws/install/lora_node/share/lora_node/hook/cmake_prefix_path.sh'
[0.934s] Level 1:colcon.colcon_core.environment:checking '/home/mau/skid_steer_ws/install/lora_node/lib'
[0.934s] Level 1:colcon.colcon_core.environment:checking '/home/mau/skid_steer_ws/install/lora_node/bin'
[0.934s] Level 1:colcon.colcon_core.environment:checking '/home/mau/skid_steer_ws/install/lora_node/lib/pkgconfig/lora_node.pc'
[0.934s] Level 1:colcon.colcon_core.environment:checking '/home/mau/skid_steer_ws/install/lora_node/lib/python3.10/site-packages'
[0.934s] Level 1:colcon.colcon_core.environment:checking '/home/mau/skid_steer_ws/install/lora_node/bin'
[0.935s] INFO:colcon.colcon_core.shell:Creating package script '/home/mau/skid_steer_ws/install/lora_node/share/lora_node/package.ps1'
[0.935s] INFO:colcon.colcon_core.shell:Creating package descriptor '/home/mau/skid_steer_ws/install/lora_node/share/lora_node/package.dsv'
[0.935s] INFO:colcon.colcon_core.shell:Creating package script '/home/mau/skid_steer_ws/install/lora_node/share/lora_node/package.sh'
[0.936s] INFO:colcon.colcon_core.shell:Creating package script '/home/mau/skid_steer_ws/install/lora_node/share/lora_node/package.bash'
[0.936s] INFO:colcon.colcon_core.shell:Creating package script '/home/mau/skid_steer_ws/install/lora_node/share/lora_node/package.zsh'
[0.937s] Level 1:colcon.colcon_core.environment:create_file_with_runtime_dependencies(/home/mau/skid_steer_ws/install/lora_node/share/colcon-core/packages/lora_node)
[0.937s] Level 1:colcon.colcon_core.environment:create_environment_scripts_only(lora_node)
[0.937s] Level 1:colcon.colcon_core.environment:checking '/home/mau/skid_steer_ws/install/lora_node' for CMake module files
[0.938s] Level 1:colcon.colcon_core.environment:checking '/home/mau/skid_steer_ws/install/lora_node' for CMake config files
[0.938s] Level 1:colcon.colcon_core.shell:create_environment_hook('lora_node', 'cmake_prefix_path')
[0.938s] INFO:colcon.colcon_core.shell:Creating environment hook '/home/mau/skid_steer_ws/install/lora_node/share/lora_node/hook/cmake_prefix_path.ps1'
[0.939s] INFO:colcon.colcon_core.shell:Creating environment descriptor '/home/mau/skid_steer_ws/install/lora_node/share/lora_node/hook/cmake_prefix_path.dsv'
[0.939s] INFO:colcon.colcon_core.shell:Creating environment hook '/home/mau/skid_steer_ws/install/lora_node/share/lora_node/hook/cmake_prefix_path.sh'
[0.940s] Level 1:colcon.colcon_core.environment:checking '/home/mau/skid_steer_ws/install/lora_node/lib'
[0.940s] Level 1:colcon.colcon_core.environment:checking '/home/mau/skid_steer_ws/install/lora_node/bin'
[0.940s] Level 1:colcon.colcon_core.environment:checking '/home/mau/skid_steer_ws/install/lora_node/lib/pkgconfig/lora_node.pc'
[0.940s] Level 1:colcon.colcon_core.environment:checking '/home/mau/skid_steer_ws/install/lora_node/lib/python3.10/site-packages'
[0.940s] Level 1:colcon.colcon_core.environment:checking '/home/mau/skid_steer_ws/install/lora_node/bin'
[0.941s] INFO:colcon.colcon_core.shell:Creating package script '/home/mau/skid_steer_ws/install/lora_node/share/lora_node/package.ps1'
[0.941s] INFO:colcon.colcon_core.shell:Creating package descriptor '/home/mau/skid_steer_ws/install/lora_node/share/lora_node/package.dsv'
[0.942s] INFO:colcon.colcon_core.shell:Creating package script '/home/mau/skid_steer_ws/install/lora_node/share/lora_node/package.sh'
[0.942s] INFO:colcon.colcon_core.shell:Creating package script '/home/mau/skid_steer_ws/install/lora_node/share/lora_node/package.bash'
[0.942s] INFO:colcon.colcon_core.shell:Creating package script '/home/mau/skid_steer_ws/install/lora_node/share/lora_node/package.zsh'
[0.943s] Level 1:colcon.colcon_core.environment:create_file_with_runtime_dependencies(/home/mau/skid_steer_ws/install/lora_node/share/colcon-core/packages/lora_node)
[0.943s] Level 1:colcon.colcon_core.environment:create_environment_scripts_only(skid_steer_description)
[0.943s] Level 1:colcon.colcon_core.environment:checking '/home/mau/skid_steer_ws/install/skid_steer_description' for CMake module files
[0.944s] DEBUG:colcon.colcon_core.event_handler.log_command:Invoked command in '/home/mau/skid_steer_ws/build/skid_steer_description' returned '0': CMAKE_PREFIX_PATH=${CMAKE_PREFIX_PATH}:/home/mau/bumperbot_ws/install/bumperbot_py_examples:/home/mau/ros2_ws/install/my_py_pkg:/home/mau/skid_steer_ws/install/skid_steer_py_examples:/home/mau/skid_steer_ws/install/imu_driver:/opt/ros/humble /usr/bin/cmake --install /home/mau/skid_steer_ws/build/skid_steer_description
[0.945s] Level 1:colcon.colcon_core.environment:checking '/home/mau/skid_steer_ws/install/skid_steer_description' for CMake config files
[0.953s] Level 1:colcon.colcon_core.shell:create_environment_hook('skid_steer_description', 'cmake_prefix_path')
[0.954s] INFO:colcon.colcon_core.shell:Creating environment hook '/home/mau/skid_steer_ws/install/skid_steer_description/share/skid_steer_description/hook/cmake_prefix_path.ps1'
[0.954s] INFO:colcon.colcon_core.shell:Creating environment descriptor '/home/mau/skid_steer_ws/install/skid_steer_description/share/skid_steer_description/hook/cmake_prefix_path.dsv'
[0.954s] INFO:colcon.colcon_core.shell:Creating environment hook '/home/mau/skid_steer_ws/install/skid_steer_description/share/skid_steer_description/hook/cmake_prefix_path.sh'
[0.955s] Level 1:colcon.colcon_core.environment:checking '/home/mau/skid_steer_ws/install/skid_steer_description/bin'
[0.955s] Level 1:colcon.colcon_core.environment:checking '/home/mau/skid_steer_ws/install/skid_steer_description/lib/pkgconfig/skid_steer_description.pc'
[0.955s] Level 1:colcon.colcon_core.environment:checking '/home/mau/skid_steer_ws/install/skid_steer_description/lib/python3.10/site-packages'
[0.955s] Level 1:colcon.colcon_core.environment:checking '/home/mau/skid_steer_ws/install/skid_steer_description/bin'
[0.955s] INFO:colcon.colcon_core.shell:Creating package script '/home/mau/skid_steer_ws/install/skid_steer_description/share/skid_steer_description/package.ps1'
[0.956s] INFO:colcon.colcon_core.shell:Creating package descriptor '/home/mau/skid_steer_ws/install/skid_steer_description/share/skid_steer_description/package.dsv'
[0.956s] INFO:colcon.colcon_core.shell:Creating package script '/home/mau/skid_steer_ws/install/skid_steer_description/share/skid_steer_description/package.sh'
[0.956s] INFO:colcon.colcon_core.shell:Creating package script '/home/mau/skid_steer_ws/install/skid_steer_description/share/skid_steer_description/package.bash'
[0.956s] INFO:colcon.colcon_core.shell:Creating package script '/home/mau/skid_steer_ws/install/skid_steer_description/share/skid_steer_description/package.zsh'
[0.957s] Level 1:colcon.colcon_core.environment:create_file_with_runtime_dependencies(/home/mau/skid_steer_ws/install/skid_steer_description/share/colcon-core/packages/skid_steer_description)
[0.957s] Level 1:colcon.colcon_core.environment:create_environment_scripts_only(skid_steer_description)
[0.957s] Level 1:colcon.colcon_core.environment:checking '/home/mau/skid_steer_ws/install/skid_steer_description' for CMake module files
[0.958s] Level 1:colcon.colcon_core.environment:checking '/home/mau/skid_steer_ws/install/skid_steer_description' for CMake config files
[0.963s] Level 1:colcon.colcon_core.shell:create_environment_hook('skid_steer_description', 'cmake_prefix_path')
[0.963s] INFO:colcon.colcon_core.shell:Creating environment hook '/home/mau/skid_steer_ws/install/skid_steer_description/share/skid_steer_description/hook/cmake_prefix_path.ps1'
[0.963s] INFO:colcon.colcon_core.shell:Creating environment descriptor '/home/mau/skid_steer_ws/install/skid_steer_description/share/skid_steer_description/hook/cmake_prefix_path.dsv'
[0.963s] INFO:colcon.colcon_core.shell:Creating environment hook '/home/mau/skid_steer_ws/install/skid_steer_description/share/skid_steer_description/hook/cmake_prefix_path.sh'
[0.964s] Level 1:colcon.colcon_core.environment:checking '/home/mau/skid_steer_ws/install/skid_steer_description/bin'
[0.964s] Level 1:colcon.colcon_core.environment:checking '/home/mau/skid_steer_ws/install/skid_steer_description/lib/pkgconfig/skid_steer_description.pc'
[0.964s] Level 1:colcon.colcon_core.environment:checking '/home/mau/skid_steer_ws/install/skid_steer_description/lib/python3.10/site-packages'
[0.964s] Level 1:colcon.colcon_core.environment:checking '/home/mau/skid_steer_ws/install/skid_steer_description/bin'
[0.964s] INFO:colcon.colcon_core.shell:Creating package script '/home/mau/skid_steer_ws/install/skid_steer_description/share/skid_steer_description/package.ps1'
[0.965s] INFO:colcon.colcon_core.shell:Creating package descriptor '/home/mau/skid_steer_ws/install/skid_steer_description/share/skid_steer_description/package.dsv'
[0.965s] INFO:colcon.colcon_core.shell:Creating package script '/home/mau/skid_steer_ws/install/skid_steer_description/share/skid_steer_description/package.sh'
[0.966s] INFO:colcon.colcon_core.shell:Creating package script '/home/mau/skid_steer_ws/install/skid_steer_description/share/skid_steer_description/package.bash'
[0.966s] INFO:colcon.colcon_core.shell:Creating package script '/home/mau/skid_steer_ws/install/skid_steer_description/share/skid_steer_description/package.zsh'
[0.967s] Level 1:colcon.colcon_core.environment:create_file_with_runtime_dependencies(/home/mau/skid_steer_ws/install/skid_steer_description/share/colcon-core/packages/skid_steer_description)
[0.969s] Level 1:colcon.colcon_core.environment:create_environment_scripts_only(point_cloud_processing)
[0.969s] Level 1:colcon.colcon_core.environment:checking '/home/mau/skid_steer_ws/install/point_cloud_processing' for CMake module files
[0.976s] DEBUG:colcon.colcon_core.event_handler.log_command:Invoked command in '/home/mau/skid_steer_ws/build/point_cloud_processing' returned '0': CMAKE_PREFIX_PATH=${CMAKE_PREFIX_PATH}:/home/mau/bumperbot_ws/install/bumperbot_py_examples:/home/mau/ros2_ws/install/my_py_pkg:/home/mau/skid_steer_ws/install/skid_steer_py_examples:/home/mau/skid_steer_ws/install/imu_driver:/opt/ros/humble /usr/bin/cmake --install /home/mau/skid_steer_ws/build/point_cloud_processing
[0.976s] Level 1:colcon.colcon_core.environment:checking '/home/mau/skid_steer_ws/install/point_cloud_processing' for CMake config files
[0.976s] Level 1:colcon.colcon_core.shell:create_environment_hook('point_cloud_processing', 'cmake_prefix_path')
[0.976s] INFO:colcon.colcon_core.shell:Creating environment hook '/home/mau/skid_steer_ws/install/point_cloud_processing/share/point_cloud_processing/hook/cmake_prefix_path.ps1'
[0.977s] INFO:colcon.colcon_core.shell:Creating environment descriptor '/home/mau/skid_steer_ws/install/point_cloud_processing/share/point_cloud_processing/hook/cmake_prefix_path.dsv'
[0.977s] INFO:colcon.colcon_core.shell:Creating environment hook '/home/mau/skid_steer_ws/install/point_cloud_processing/share/point_cloud_processing/hook/cmake_prefix_path.sh'
[0.978s] Level 1:colcon.colcon_core.environment:checking '/home/mau/skid_steer_ws/install/point_cloud_processing/lib'
[0.978s] Level 1:colcon.colcon_core.environment:checking '/home/mau/skid_steer_ws/install/point_cloud_processing/bin'
[0.978s] Level 1:colcon.colcon_core.environment:checking '/home/mau/skid_steer_ws/install/point_cloud_processing/lib/pkgconfig/point_cloud_processing.pc'
[0.978s] Level 1:colcon.colcon_core.environment:checking '/home/mau/skid_steer_ws/install/point_cloud_processing/lib/python3.10/site-packages'
[0.979s] Level 1:colcon.colcon_core.environment:checking '/home/mau/skid_steer_ws/install/point_cloud_processing/bin'
[0.979s] INFO:colcon.colcon_core.shell:Creating package script '/home/mau/skid_steer_ws/install/point_cloud_processing/share/point_cloud_processing/package.ps1'
[0.979s] INFO:colcon.colcon_core.shell:Creating package descriptor '/home/mau/skid_steer_ws/install/point_cloud_processing/share/point_cloud_processing/package.dsv'
[0.980s] INFO:colcon.colcon_core.shell:Creating package script '/home/mau/skid_steer_ws/install/point_cloud_processing/share/point_cloud_processing/package.sh'
[0.980s] INFO:colcon.colcon_core.shell:Creating package script '/home/mau/skid_steer_ws/install/point_cloud_processing/share/point_cloud_processing/package.bash'
[0.981s] INFO:colcon.colcon_core.shell:Creating package script '/home/mau/skid_steer_ws/install/point_cloud_processing/share/point_cloud_processing/package.zsh'
[0.981s] Level 1:colcon.colcon_core.environment:create_file_with_runtime_dependencies(/home/mau/skid_steer_ws/install/point_cloud_processing/share/colcon-core/packages/point_cloud_processing)
[0.982s] Level 1:colcon.colcon_core.environment:create_environment_scripts_only(point_cloud_processing)
[0.982s] Level 1:colcon.colcon_core.environment:checking '/home/mau/skid_steer_ws/install/point_cloud_processing' for CMake module files
[0.986s] Level 1:colcon.colcon_core.environment:checking '/home/mau/skid_steer_ws/install/point_cloud_processing' for CMake config files
[0.986s] Level 1:colcon.colcon_core.shell:create_environment_hook('point_cloud_processing', 'cmake_prefix_path')
[0.986s] INFO:colcon.colcon_core.shell:Creating environment hook '/home/mau/skid_steer_ws/install/point_cloud_processing/share/point_cloud_processing/hook/cmake_prefix_path.ps1'
[0.987s] INFO:colcon.colcon_core.shell:Creating environment descriptor '/home/mau/skid_steer_ws/install/point_cloud_processing/share/point_cloud_processing/hook/cmake_prefix_path.dsv'
[0.987s] INFO:colcon.colcon_core.shell:Creating environment hook '/home/mau/skid_steer_ws/install/point_cloud_processing/share/point_cloud_processing/hook/cmake_prefix_path.sh'
[0.988s] Level 1:colcon.colcon_core.environment:checking '/home/mau/skid_steer_ws/install/point_cloud_processing/lib'
[0.988s] Level 1:colcon.colcon_core.environment:checking '/home/mau/skid_steer_ws/install/point_cloud_processing/bin'
[0.988s] Level 1:colcon.colcon_core.environment:checking '/home/mau/skid_steer_ws/install/point_cloud_processing/lib/pkgconfig/point_cloud_processing.pc'
[0.988s] Level 1:colcon.colcon_core.environment:checking '/home/mau/skid_steer_ws/install/point_cloud_processing/lib/python3.10/site-packages'
[0.988s] Level 1:colcon.colcon_core.environment:checking '/home/mau/skid_steer_ws/install/point_cloud_processing/bin'
[0.989s] INFO:colcon.colcon_core.shell:Creating package script '/home/mau/skid_steer_ws/install/point_cloud_processing/share/point_cloud_processing/package.ps1'
[0.989s] INFO:colcon.colcon_core.shell:Creating package descriptor '/home/mau/skid_steer_ws/install/point_cloud_processing/share/point_cloud_processing/package.dsv'
[0.990s] INFO:colcon.colcon_core.shell:Creating package script '/home/mau/skid_steer_ws/install/point_cloud_processing/share/point_cloud_processing/package.sh'
[0.990s] INFO:colcon.colcon_core.shell:Creating package script '/home/mau/skid_steer_ws/install/point_cloud_processing/share/point_cloud_processing/package.bash'
[0.990s] INFO:colcon.colcon_core.shell:Creating package script '/home/mau/skid_steer_ws/install/point_cloud_processing/share/point_cloud_processing/package.zsh'
[0.991s] Level 1:colcon.colcon_core.environment:create_file_with_runtime_dependencies(/home/mau/skid_steer_ws/install/point_cloud_processing/share/colcon-core/packages/point_cloud_processing)
[0.991s] Level 1:colcon.colcon_core.environment:create_environment_scripts_only(skid_steer_firmware)
[0.991s] Level 1:colcon.colcon_core.environment:checking '/home/mau/skid_steer_ws/install/skid_steer_firmware' for CMake module files
[0.992s] Level 1:colcon.colcon_core.environment:checking '/home/mau/skid_steer_ws/install/skid_steer_firmware' for CMake config files
[0.993s] DEBUG:colcon.colcon_core.event_handler.log_command:Invoked command in '/home/mau/skid_steer_ws/build/skid_steer_firmware' returned '0': CMAKE_PREFIX_PATH=${CMAKE_PREFIX_PATH}:/home/mau/bumperbot_ws/install/bumperbot_py_examples:/home/mau/ros2_ws/install/my_py_pkg:/home/mau/skid_steer_ws/install/skid_steer_py_examples:/home/mau/skid_steer_ws/install/imu_driver:/opt/ros/humble /usr/bin/cmake --install /home/mau/skid_steer_ws/build/skid_steer_firmware
[0.993s] Level 1:colcon.colcon_core.shell:create_environment_hook('skid_steer_firmware', 'cmake_prefix_path')
[0.993s] INFO:colcon.colcon_core.shell:Creating environment hook '/home/mau/skid_steer_ws/install/skid_steer_firmware/share/skid_steer_firmware/hook/cmake_prefix_path.ps1'
[0.993s] INFO:colcon.colcon_core.shell:Creating environment descriptor '/home/mau/skid_steer_ws/install/skid_steer_firmware/share/skid_steer_firmware/hook/cmake_prefix_path.dsv'
[0.994s] INFO:colcon.colcon_core.shell:Creating environment hook '/home/mau/skid_steer_ws/install/skid_steer_firmware/share/skid_steer_firmware/hook/cmake_prefix_path.sh'
[0.994s] Level 1:colcon.colcon_core.environment:checking '/home/mau/skid_steer_ws/install/skid_steer_firmware/lib'
[0.994s] Level 1:colcon.colcon_core.shell:create_environment_hook('skid_steer_firmware', 'ld_library_path_lib')
[0.995s] INFO:colcon.colcon_core.shell:Creating environment hook '/home/mau/skid_steer_ws/install/skid_steer_firmware/share/skid_steer_firmware/hook/ld_library_path_lib.ps1'
[0.995s] INFO:colcon.colcon_core.shell:Creating environment descriptor '/home/mau/skid_steer_ws/install/skid_steer_firmware/share/skid_steer_firmware/hook/ld_library_path_lib.dsv'
[0.995s] INFO:colcon.colcon_core.shell:Creating environment hook '/home/mau/skid_steer_ws/install/skid_steer_firmware/share/skid_steer_firmware/hook/ld_library_path_lib.sh'
[0.996s] Level 1:colcon.colcon_core.environment:checking '/home/mau/skid_steer_ws/install/skid_steer_firmware/bin'
[0.996s] Level 1:colcon.colcon_core.environment:checking '/home/mau/skid_steer_ws/install/skid_steer_firmware/lib/pkgconfig/skid_steer_firmware.pc'
[0.996s] Level 1:colcon.colcon_core.environment:checking '/home/mau/skid_steer_ws/install/skid_steer_firmware/lib/python3.10/site-packages'
[0.996s] Level 1:colcon.colcon_core.environment:checking '/home/mau/skid_steer_ws/install/skid_steer_firmware/bin'
[0.997s] INFO:colcon.colcon_core.shell:Creating package script '/home/mau/skid_steer_ws/install/skid_steer_firmware/share/skid_steer_firmware/package.ps1'
[0.997s] INFO:colcon.colcon_core.shell:Creating package descriptor '/home/mau/skid_steer_ws/install/skid_steer_firmware/share/skid_steer_firmware/package.dsv'
[0.997s] INFO:colcon.colcon_core.shell:Creating package script '/home/mau/skid_steer_ws/install/skid_steer_firmware/share/skid_steer_firmware/package.sh'
[0.997s] INFO:colcon.colcon_core.shell:Creating package script '/home/mau/skid_steer_ws/install/skid_steer_firmware/share/skid_steer_firmware/package.bash'
[0.998s] INFO:colcon.colcon_core.shell:Creating package script '/home/mau/skid_steer_ws/install/skid_steer_firmware/share/skid_steer_firmware/package.zsh'
[0.998s] Level 1:colcon.colcon_core.environment:create_file_with_runtime_dependencies(/home/mau/skid_steer_ws/install/skid_steer_firmware/share/colcon-core/packages/skid_steer_firmware)
[0.998s] Level 1:colcon.colcon_core.environment:create_environment_scripts_only(skid_steer_firmware)
[0.998s] Level 1:colcon.colcon_core.environment:checking '/home/mau/skid_steer_ws/install/skid_steer_firmware' for CMake module files
[0.999s] Level 1:colcon.colcon_core.environment:checking '/home/mau/skid_steer_ws/install/skid_steer_firmware' for CMake config files
[0.999s] Level 1:colcon.colcon_core.shell:create_environment_hook('skid_steer_firmware', 'cmake_prefix_path')
[0.999s] INFO:colcon.colcon_core.shell:Creating environment hook '/home/mau/skid_steer_ws/install/skid_steer_firmware/share/skid_steer_firmware/hook/cmake_prefix_path.ps1'
[0.999s] INFO:colcon.colcon_core.shell:Creating environment descriptor '/home/mau/skid_steer_ws/install/skid_steer_firmware/share/skid_steer_firmware/hook/cmake_prefix_path.dsv'
[1.000s] INFO:colcon.colcon_core.shell:Creating environment hook '/home/mau/skid_steer_ws/install/skid_steer_firmware/share/skid_steer_firmware/hook/cmake_prefix_path.sh'
[1.000s] Level 1:colcon.colcon_core.environment:checking '/home/mau/skid_steer_ws/install/skid_steer_firmware/lib'
[1.000s] Level 1:colcon.colcon_core.shell:create_environment_hook('skid_steer_firmware', 'ld_library_path_lib')
[1.000s] INFO:colcon.colcon_core.shell:Creating environment hook '/home/mau/skid_steer_ws/install/skid_steer_firmware/share/skid_steer_firmware/hook/ld_library_path_lib.ps1'
[1.001s] INFO:colcon.colcon_core.shell:Creating environment descriptor '/home/mau/skid_steer_ws/install/skid_steer_firmware/share/skid_steer_firmware/hook/ld_library_path_lib.dsv'
[1.001s] INFO:colcon.colcon_core.shell:Creating environment hook '/home/mau/skid_steer_ws/install/skid_steer_firmware/share/skid_steer_firmware/hook/ld_library_path_lib.sh'
[1.001s] Level 1:colcon.colcon_core.environment:checking '/home/mau/skid_steer_ws/install/skid_steer_firmware/bin'
[1.001s] Level 1:colcon.colcon_core.environment:checking '/home/mau/skid_steer_ws/install/skid_steer_firmware/lib/pkgconfig/skid_steer_firmware.pc'
[1.001s] Level 1:colcon.colcon_core.environment:checking '/home/mau/skid_steer_ws/install/skid_steer_firmware/lib/python3.10/site-packages'
[1.001s] Level 1:colcon.colcon_core.environment:checking '/home/mau/skid_steer_ws/install/skid_steer_firmware/bin'
[1.002s] INFO:colcon.colcon_core.shell:Creating package script '/home/mau/skid_steer_ws/install/skid_steer_firmware/share/skid_steer_firmware/package.ps1'
[1.002s] INFO:colcon.colcon_core.shell:Creating package descriptor '/home/mau/skid_steer_ws/install/skid_steer_firmware/share/skid_steer_firmware/package.dsv'
[1.002s] INFO:colcon.colcon_core.shell:Creating package script '/home/mau/skid_steer_ws/install/skid_steer_firmware/share/skid_steer_firmware/package.sh'
[1.003s] INFO:colcon.colcon_core.shell:Creating package script '/home/mau/skid_steer_ws/install/skid_steer_firmware/share/skid_steer_firmware/package.bash'
[1.003s] INFO:colcon.colcon_core.shell:Creating package script '/home/mau/skid_steer_ws/install/skid_steer_firmware/share/skid_steer_firmware/package.zsh'
[1.003s] Level 1:colcon.colcon_core.environment:create_file_with_runtime_dependencies(/home/mau/skid_steer_ws/install/skid_steer_firmware/share/colcon-core/packages/skid_steer_firmware)
[1.003s] Level 1:colcon.colcon_core.environment:create_environment_scripts_only(skid_steer_utils)
[1.004s] Level 1:colcon.colcon_core.environment:checking '/home/mau/skid_steer_ws/install/skid_steer_utils' for CMake module files
[1.004s] DEBUG:colcon.colcon_core.event_handler.log_command:Invoked command in '/home/mau/skid_steer_ws/build/skid_steer_utils' returned '0': CMAKE_PREFIX_PATH=${CMAKE_PREFIX_PATH}:/home/mau/bumperbot_ws/install/bumperbot_py_examples:/home/mau/ros2_ws/install/my_py_pkg:/home/mau/skid_steer_ws/install/skid_steer_py_examples:/home/mau/skid_steer_ws/install/imu_driver:/opt/ros/humble /usr/bin/cmake --install /home/mau/skid_steer_ws/build/skid_steer_utils
[1.005s] Level 1:colcon.colcon_core.environment:checking '/home/mau/skid_steer_ws/install/skid_steer_utils' for CMake config files
[1.005s] Level 1:colcon.colcon_core.shell:create_environment_hook('skid_steer_utils', 'cmake_prefix_path')
[1.005s] INFO:colcon.colcon_core.shell:Creating environment hook '/home/mau/skid_steer_ws/install/skid_steer_utils/share/skid_steer_utils/hook/cmake_prefix_path.ps1'
[1.005s] INFO:colcon.colcon_core.shell:Creating environment descriptor '/home/mau/skid_steer_ws/install/skid_steer_utils/share/skid_steer_utils/hook/cmake_prefix_path.dsv'
[1.005s] INFO:colcon.colcon_core.shell:Creating environment hook '/home/mau/skid_steer_ws/install/skid_steer_utils/share/skid_steer_utils/hook/cmake_prefix_path.sh'
[1.006s] Level 1:colcon.colcon_core.environment:checking '/home/mau/skid_steer_ws/install/skid_steer_utils/lib'
[1.006s] Level 1:colcon.colcon_core.environment:checking '/home/mau/skid_steer_ws/install/skid_steer_utils/bin'
[1.006s] Level 1:colcon.colcon_core.environment:checking '/home/mau/skid_steer_ws/install/skid_steer_utils/lib/pkgconfig/skid_steer_utils.pc'
[1.006s] Level 1:colcon.colcon_core.environment:checking '/home/mau/skid_steer_ws/install/skid_steer_utils/lib/python3.10/site-packages'
[1.006s] Level 1:colcon.colcon_core.environment:checking '/home/mau/skid_steer_ws/install/skid_steer_utils/bin'
[1.006s] INFO:colcon.colcon_core.shell:Creating package script '/home/mau/skid_steer_ws/install/skid_steer_utils/share/skid_steer_utils/package.ps1'
[1.007s] INFO:colcon.colcon_core.shell:Creating package descriptor '/home/mau/skid_steer_ws/install/skid_steer_utils/share/skid_steer_utils/package.dsv'
[1.007s] INFO:colcon.colcon_core.shell:Creating package script '/home/mau/skid_steer_ws/install/skid_steer_utils/share/skid_steer_utils/package.sh'
[1.007s] INFO:colcon.colcon_core.shell:Creating package script '/home/mau/skid_steer_ws/install/skid_steer_utils/share/skid_steer_utils/package.bash'
[1.007s] INFO:colcon.colcon_core.shell:Creating package script '/home/mau/skid_steer_ws/install/skid_steer_utils/share/skid_steer_utils/package.zsh'
[1.008s] Level 1:colcon.colcon_core.environment:create_file_with_runtime_dependencies(/home/mau/skid_steer_ws/install/skid_steer_utils/share/colcon-core/packages/skid_steer_utils)
[1.008s] Level 1:colcon.colcon_core.environment:create_environment_scripts_only(skid_steer_utils)
[1.008s] Level 1:colcon.colcon_core.environment:checking '/home/mau/skid_steer_ws/install/skid_steer_utils' for CMake module files
[1.008s] Level 1:colcon.colcon_core.environment:checking '/home/mau/skid_steer_ws/install/skid_steer_utils' for CMake config files
[1.009s] Level 1:colcon.colcon_core.shell:create_environment_hook('skid_steer_utils', 'cmake_prefix_path')
[1.009s] INFO:colcon.colcon_core.shell:Creating environment hook '/home/mau/skid_steer_ws/install/skid_steer_utils/share/skid_steer_utils/hook/cmake_prefix_path.ps1'
[1.009s] INFO:colcon.colcon_core.shell:Creating environment descriptor '/home/mau/skid_steer_ws/install/skid_steer_utils/share/skid_steer_utils/hook/cmake_prefix_path.dsv'
[1.009s] INFO:colcon.colcon_core.shell:Creating environment hook '/home/mau/skid_steer_ws/install/skid_steer_utils/share/skid_steer_utils/hook/cmake_prefix_path.sh'
[1.010s] Level 1:colcon.colcon_core.environment:checking '/home/mau/skid_steer_ws/install/skid_steer_utils/lib'
[1.010s] Level 1:colcon.colcon_core.environment:checking '/home/mau/skid_steer_ws/install/skid_steer_utils/bin'
[1.010s] Level 1:colcon.colcon_core.environment:checking '/home/mau/skid_steer_ws/install/skid_steer_utils/lib/pkgconfig/skid_steer_utils.pc'
[1.010s] Level 1:colcon.colcon_core.environment:checking '/home/mau/skid_steer_ws/install/skid_steer_utils/lib/python3.10/site-packages'
[1.010s] Level 1:colcon.colcon_core.environment:checking '/home/mau/skid_steer_ws/install/skid_steer_utils/bin'
[1.010s] INFO:colcon.colcon_core.shell:Creating package script '/home/mau/skid_steer_ws/install/skid_steer_utils/share/skid_steer_utils/package.ps1'
[1.010s] INFO:colcon.colcon_core.shell:Creating package descriptor '/home/mau/skid_steer_ws/install/skid_steer_utils/share/skid_steer_utils/package.dsv'
[1.011s] INFO:colcon.colcon_core.shell:Creating package script '/home/mau/skid_steer_ws/install/skid_steer_utils/share/skid_steer_utils/package.sh'
[1.011s] INFO:colcon.colcon_core.shell:Creating package script '/home/mau/skid_steer_ws/install/skid_steer_utils/share/skid_steer_utils/package.bash'
[1.011s] INFO:colcon.colcon_core.shell:Creating package script '/home/mau/skid_steer_ws/install/skid_steer_utils/share/skid_steer_utils/package.zsh'
[1.012s] Level 1:colcon.colcon_core.environment:create_file_with_runtime_dependencies(/home/mau/skid_steer_ws/install/skid_steer_utils/share/colcon-core/packages/skid_steer_utils)
[1.012s] Level 1:colcon.colcon_core.environment:create_environment_scripts_only(skid_steer_msgs)
[1.013s] Level 1:colcon.colcon_core.environment:checking '/home/mau/skid_steer_ws/install/skid_steer_msgs' for CMake module files
[1.013s] DEBUG:colcon.colcon_core.event_handler.log_command:Invoked command in '/home/mau/skid_steer_ws/build/skid_steer_msgs' returned '0': CMAKE_PREFIX_PATH=${CMAKE_PREFIX_PATH}:/home/mau/bumperbot_ws/install/bumperbot_py_examples:/home/mau/ros2_ws/install/my_py_pkg:/home/mau/skid_steer_ws/install/skid_steer_py_examples:/home/mau/skid_steer_ws/install/imu_driver:/opt/ros/humble /usr/bin/cmake --install /home/mau/skid_steer_ws/build/skid_steer_msgs
[1.014s] Level 1:colcon.colcon_core.environment:checking '/home/mau/skid_steer_ws/install/skid_steer_msgs' for CMake config files
[1.014s] Level 1:colcon.colcon_core.shell:create_environment_hook('skid_steer_msgs', 'cmake_prefix_path')
[1.014s] INFO:colcon.colcon_core.shell:Creating environment hook '/home/mau/skid_steer_ws/install/skid_steer_msgs/share/skid_steer_msgs/hook/cmake_prefix_path.ps1'
[1.015s] INFO:colcon.colcon_core.shell:Creating environment descriptor '/home/mau/skid_steer_ws/install/skid_steer_msgs/share/skid_steer_msgs/hook/cmake_prefix_path.dsv'
[1.015s] INFO:colcon.colcon_core.shell:Creating environment hook '/home/mau/skid_steer_ws/install/skid_steer_msgs/share/skid_steer_msgs/hook/cmake_prefix_path.sh'
[1.015s] Level 1:colcon.colcon_core.environment:checking '/home/mau/skid_steer_ws/install/skid_steer_msgs/lib'
[1.015s] Level 1:colcon.colcon_core.shell:create_environment_hook('skid_steer_msgs', 'ld_library_path_lib')
[1.015s] INFO:colcon.colcon_core.shell:Creating environment hook '/home/mau/skid_steer_ws/install/skid_steer_msgs/share/skid_steer_msgs/hook/ld_library_path_lib.ps1'
[1.016s] INFO:colcon.colcon_core.shell:Creating environment descriptor '/home/mau/skid_steer_ws/install/skid_steer_msgs/share/skid_steer_msgs/hook/ld_library_path_lib.dsv'
[1.016s] INFO:colcon.colcon_core.shell:Creating environment hook '/home/mau/skid_steer_ws/install/skid_steer_msgs/share/skid_steer_msgs/hook/ld_library_path_lib.sh'
[1.016s] Level 1:colcon.colcon_core.environment:checking '/home/mau/skid_steer_ws/install/skid_steer_msgs/bin'
[1.016s] Level 1:colcon.colcon_core.environment:checking '/home/mau/skid_steer_ws/install/skid_steer_msgs/lib/pkgconfig/skid_steer_msgs.pc'
[1.016s] Level 1:colcon.colcon_core.environment:checking '/home/mau/skid_steer_ws/install/skid_steer_msgs/lib/python3.10/site-packages'
[1.016s] Level 1:colcon.colcon_core.environment:checking '/home/mau/skid_steer_ws/install/skid_steer_msgs/bin'
[1.017s] INFO:colcon.colcon_core.shell:Creating package script '/home/mau/skid_steer_ws/install/skid_steer_msgs/share/skid_steer_msgs/package.ps1'
[1.017s] INFO:colcon.colcon_core.shell:Creating package descriptor '/home/mau/skid_steer_ws/install/skid_steer_msgs/share/skid_steer_msgs/package.dsv'
[1.017s] INFO:colcon.colcon_core.shell:Creating package script '/home/mau/skid_steer_ws/install/skid_steer_msgs/share/skid_steer_msgs/package.sh'
[1.018s] INFO:colcon.colcon_core.shell:Creating package script '/home/mau/skid_steer_ws/install/skid_steer_msgs/share/skid_steer_msgs/package.bash'
[1.018s] INFO:colcon.colcon_core.shell:Creating package script '/home/mau/skid_steer_ws/install/skid_steer_msgs/share/skid_steer_msgs/package.zsh'
[1.018s] Level 1:colcon.colcon_core.environment:create_file_with_runtime_dependencies(/home/mau/skid_steer_ws/install/skid_steer_msgs/share/colcon-core/packages/skid_steer_msgs)
[1.019s] Level 1:colcon.colcon_core.environment:create_environment_scripts_only(skid_steer_msgs)
[1.019s] Level 1:colcon.colcon_core.environment:checking '/home/mau/skid_steer_ws/install/skid_steer_msgs' for CMake module files
[1.019s] Level 1:colcon.colcon_core.environment:checking '/home/mau/skid_steer_ws/install/skid_steer_msgs' for CMake config files
[1.020s] Level 1:colcon.colcon_core.shell:create_environment_hook('skid_steer_msgs', 'cmake_prefix_path')
[1.020s] INFO:colcon.colcon_core.shell:Creating environment hook '/home/mau/skid_steer_ws/install/skid_steer_msgs/share/skid_steer_msgs/hook/cmake_prefix_path.ps1'
[1.020s] INFO:colcon.colcon_core.shell:Creating environment descriptor '/home/mau/skid_steer_ws/install/skid_steer_msgs/share/skid_steer_msgs/hook/cmake_prefix_path.dsv'
[1.020s] INFO:colcon.colcon_core.shell:Creating environment hook '/home/mau/skid_steer_ws/install/skid_steer_msgs/share/skid_steer_msgs/hook/cmake_prefix_path.sh'
[1.021s] Level 1:colcon.colcon_core.environment:checking '/home/mau/skid_steer_ws/install/skid_steer_msgs/lib'
[1.021s] Level 1:colcon.colcon_core.shell:create_environment_hook('skid_steer_msgs', 'ld_library_path_lib')
[1.021s] INFO:colcon.colcon_core.shell:Creating environment hook '/home/mau/skid_steer_ws/install/skid_steer_msgs/share/skid_steer_msgs/hook/ld_library_path_lib.ps1'
[1.021s] INFO:colcon.colcon_core.shell:Creating environment descriptor '/home/mau/skid_steer_ws/install/skid_steer_msgs/share/skid_steer_msgs/hook/ld_library_path_lib.dsv'
[1.021s] INFO:colcon.colcon_core.shell:Creating environment hook '/home/mau/skid_steer_ws/install/skid_steer_msgs/share/skid_steer_msgs/hook/ld_library_path_lib.sh'
[1.022s] Level 1:colcon.colcon_core.environment:checking '/home/mau/skid_steer_ws/install/skid_steer_msgs/bin'
[1.022s] Level 1:colcon.colcon_core.environment:checking '/home/mau/skid_steer_ws/install/skid_steer_msgs/lib/pkgconfig/skid_steer_msgs.pc'
[1.022s] Level 1:colcon.colcon_core.environment:checking '/home/mau/skid_steer_ws/install/skid_steer_msgs/lib/python3.10/site-packages'
[1.022s] Level 1:colcon.colcon_core.environment:checking '/home/mau/skid_steer_ws/install/skid_steer_msgs/bin'
[1.022s] INFO:colcon.colcon_core.shell:Creating package script '/home/mau/skid_steer_ws/install/skid_steer_msgs/share/skid_steer_msgs/package.ps1'
[1.023s] INFO:colcon.colcon_core.shell:Creating package descriptor '/home/mau/skid_steer_ws/install/skid_steer_msgs/share/skid_steer_msgs/package.dsv'
[1.023s] INFO:colcon.colcon_core.shell:Creating package script '/home/mau/skid_steer_ws/install/skid_steer_msgs/share/skid_steer_msgs/package.sh'
[1.023s] INFO:colcon.colcon_core.shell:Creating package script '/home/mau/skid_steer_ws/install/skid_steer_msgs/share/skid_steer_msgs/package.bash'
[1.024s] INFO:colcon.colcon_core.shell:Creating package script '/home/mau/skid_steer_ws/install/skid_steer_msgs/share/skid_steer_msgs/package.zsh'
[1.024s] Level 1:colcon.colcon_core.environment:create_file_with_runtime_dependencies(/home/mau/skid_steer_ws/install/skid_steer_msgs/share/colcon-core/packages/skid_steer_msgs)
[1.024s] INFO:colcon.colcon_ros.task.ament_cmake.build:Building ROS package in '/home/mau/skid_steer_ws/src/skid_steer_cpp_examples' with build type 'ament_cmake'
[1.024s] INFO:colcon.colcon_cmake.task.cmake.build:Building CMake package in '/home/mau/skid_steer_ws/src/skid_steer_cpp_examples'
[1.024s] INFO:colcon.colcon_core.shell:Skip shell extension 'powershell' for command environment: Not usable outside of PowerShell
[1.024s] DEBUG:colcon.colcon_core.shell:Skip shell extension 'dsv' for command environment
[1.031s] INFO:colcon.colcon_ros.task.ament_python.build:Building ROS package in '/home/mau/skid_steer_ws/src/skid_steer_py_examples' with build type 'ament_python'
[1.031s] Level 1:colcon.colcon_core.shell:create_environment_hook('skid_steer_py_examples', 'ament_prefix_path')
[1.031s] INFO:colcon.colcon_core.shell:Creating environment hook '/home/mau/skid_steer_ws/install/skid_steer_py_examples/share/skid_steer_py_examples/hook/ament_prefix_path.ps1'
[1.031s] INFO:colcon.colcon_core.shell:Creating environment descriptor '/home/mau/skid_steer_ws/install/skid_steer_py_examples/share/skid_steer_py_examples/hook/ament_prefix_path.dsv'
[1.031s] INFO:colcon.colcon_core.shell:Creating environment hook '/home/mau/skid_steer_ws/install/skid_steer_py_examples/share/skid_steer_py_examples/hook/ament_prefix_path.sh'
[1.032s] INFO:colcon.colcon_core.shell:Skip shell extension 'powershell' for command environment: Not usable outside of PowerShell
[1.032s] DEBUG:colcon.colcon_core.shell:Skip shell extension 'dsv' for command environment
[1.041s] DEBUG:colcon.colcon_core.event_handler.log_command:Invoking command in '/home/mau/skid_steer_ws/build/skid_steer_cpp_examples': CMAKE_PREFIX_PATH=/home/mau/skid_steer_ws/install/skid_steer_msgs:/home/mau/bumperbot_ws/install/bumperbot_utils:/home/mau/bumperbot_ws/install/bumperbot_cpp_examples:/home/mau/bumperbot_ws/install/bumperbot_msgs:/home/mau/bumperbot_ws/install/bumperbot_bringup:/home/mau/bumperbot_ws/install/bumperbot_mapping:/home/mau/bumperbot_ws/install/bumperbot_localization:/home/mau/bumperbot_ws/install/bumperbot_firmware:/home/mau/bumperbot_ws/install/bumperbot_description:/home/mau/bumperbot_ws/install/bumperbot_controller:/home/mau/ros2_ws/install/sllidar_ros2:/home/mau/ros2_ws/install/my_cpp_pkg:/home/mau/ros2_ws/install/ldlidar:/home/mau/ros2_ws/install/ldlidar_node:/home/mau/ros2_ws/install/ldlidar_component:/home/mau/ros2_ws/install/RPLIDAR_A1_SLAM:/home/mau/skid_steer_ws/install/skid_steer_utils:/home/mau/skid_steer_ws/install/skid_steer_slam:/home/mau/skid_steer_ws/install/skid_steer_navigation:/home/mau/skid_steer_ws/install/skid_steer_cpp_examples:/home/mau/skid_steer_ws/install/skid_steer_localization:/home/mau/skid_steer_ws/install/skid_steer_firmware:/home/mau/skid_steer_ws/install/skid_steer_description:/home/mau/skid_steer_ws/install/skid_steer_controller:/home/mau/skid_steer_ws/install/skid_steer_bringup:/home/mau/skid_steer_ws/install/point_cloud_processing:/home/mau/skid_steer_ws/install/lora_node:/home/mau/articubot_one/install/articubot_one:/home/mau/bumperbot_ws/install/bumperbot_py_examples:/home/mau/ros2_ws/install/my_py_pkg:/home/mau/skid_steer_ws/install/skid_steer_py_examples:/home/mau/skid_steer_ws/install/imu_driver:/opt/ros/humble LD_LIBRARY_PATH=/home/mau/skid_steer_ws/install/skid_steer_msgs/lib:/home/mau/bumperbot_ws/install/bumperbot_cpp_examples/lib:/home/mau/bumperbot_ws/install/bumperbot_msgs/lib:/home/mau/bumperbot_ws/install/bumperbot_firmware/lib:/home/mau/ros2_ws/install/ldlidar_component/lib:/home/mau/skid_steer_ws/install/skid_steer_firmware/lib:/usr/lib/x86_64-linux-gnu/gazebo-11/plugins:/opt/ros/humble/opt/rviz_ogre_vendor/lib:/opt/ros/humble/lib/x86_64-linux-gnu:/opt/ros/humble/opt/openvdb_vendor/lib:/opt/ros/humble/lib /usr/bin/cmake --build /home/mau/skid_steer_ws/build/skid_steer_cpp_examples -- -j12 -l12
[1.301s] INFO:colcon.colcon_core.task.python.build:Building Python package in '/home/mau/skid_steer_ws/src/skid_steer_py_examples'
[1.301s] INFO:colcon.colcon_core.shell:Skip shell extension 'powershell' for command environment: Not usable outside of PowerShell
[1.301s] DEBUG:colcon.colcon_core.shell:Skip shell extension 'dsv' for command environment
[1.309s] DEBUG:colcon.colcon_core.event_handler.log_command:Invoked command in '/home/mau/skid_steer_ws/build/skid_steer_controller' returned '0': CMAKE_PREFIX_PATH=${CMAKE_PREFIX_PATH}:/home/mau/bumperbot_ws/install/bumperbot_py_examples:/home/mau/ros2_ws/install/my_py_pkg:/home/mau/skid_steer_ws/install/skid_steer_py_examples:/home/mau/skid_steer_ws/install/imu_driver:/opt/ros/humble /usr/bin/cmake --build /home/mau/skid_steer_ws/build/skid_steer_controller -- -j12 -l12
[1.310s] DEBUG:colcon.colcon_core.event_handler.log_command:Invoking command in '/home/mau/skid_steer_ws/build/skid_steer_controller': CMAKE_PREFIX_PATH=${CMAKE_PREFIX_PATH}:/home/mau/bumperbot_ws/install/bumperbot_py_examples:/home/mau/ros2_ws/install/my_py_pkg:/home/mau/skid_steer_ws/install/skid_steer_py_examples:/home/mau/skid_steer_ws/install/imu_driver:/opt/ros/humble /usr/bin/cmake --install /home/mau/skid_steer_ws/build/skid_steer_controller
[1.313s] DEBUG:colcon.colcon_core.event_handler.log_command:Invoking command in '/home/mau/skid_steer_ws/src/imu_driver': PYTHONPATH=/home/mau/skid_steer_ws/build/imu_driver/prefix_override:/usr/lib/python3/dist-packages/colcon_core/task/python/colcon_distutils_commands:/home/mau/skid_steer_ws/install/imu_driver/lib/python3.10/site-packages:${PYTHONPATH} /usr/bin/python3 -W ignore:setup.py install is deprecated -W ignore:easy_install command is deprecated setup.py egg_info --egg-base ../../build/imu_driver build --build-base /home/mau/skid_steer_ws/build/imu_driver/build install --record /home/mau/skid_steer_ws/build/imu_driver/install.log --single-version-externally-managed install_data
[1.314s] DEBUG:colcon.colcon_core.event_handler.log_command:Invoked command in '/home/mau/skid_steer_ws/build/skid_steer_localization' returned '0': CMAKE_PREFIX_PATH=${CMAKE_PREFIX_PATH}:/home/mau/bumperbot_ws/install/bumperbot_py_examples:/home/mau/ros2_ws/install/my_py_pkg:/home/mau/skid_steer_ws/install/skid_steer_py_examples:/home/mau/skid_steer_ws/install/imu_driver:/opt/ros/humble /usr/bin/cmake --build /home/mau/skid_steer_ws/build/skid_steer_localization -- -j12 -l12
[1.315s] DEBUG:colcon.colcon_core.event_handler.log_command:Invoking command in '/home/mau/skid_steer_ws/build/skid_steer_localization': CMAKE_PREFIX_PATH=${CMAKE_PREFIX_PATH}:/home/mau/bumperbot_ws/install/bumperbot_py_examples:/home/mau/ros2_ws/install/my_py_pkg:/home/mau/skid_steer_ws/install/skid_steer_py_examples:/home/mau/skid_steer_ws/install/imu_driver:/opt/ros/humble /usr/bin/cmake --install /home/mau/skid_steer_ws/build/skid_steer_localization
[1.316s] DEBUG:colcon.colcon_core.event_handler.log_command:Invoked command in '/home/mau/skid_steer_ws/build/skid_steer_cpp_examples' returned '0': CMAKE_PREFIX_PATH=/home/mau/skid_steer_ws/install/skid_steer_msgs:/home/mau/bumperbot_ws/install/bumperbot_utils:/home/mau/bumperbot_ws/install/bumperbot_cpp_examples:/home/mau/bumperbot_ws/install/bumperbot_msgs:/home/mau/bumperbot_ws/install/bumperbot_bringup:/home/mau/bumperbot_ws/install/bumperbot_mapping:/home/mau/bumperbot_ws/install/bumperbot_localization:/home/mau/bumperbot_ws/install/bumperbot_firmware:/home/mau/bumperbot_ws/install/bumperbot_description:/home/mau/bumperbot_ws/install/bumperbot_controller:/home/mau/ros2_ws/install/sllidar_ros2:/home/mau/ros2_ws/install/my_cpp_pkg:/home/mau/ros2_ws/install/ldlidar:/home/mau/ros2_ws/install/ldlidar_node:/home/mau/ros2_ws/install/ldlidar_component:/home/mau/ros2_ws/install/RPLIDAR_A1_SLAM:/home/mau/skid_steer_ws/install/skid_steer_utils:/home/mau/skid_steer_ws/install/skid_steer_slam:/home/mau/skid_steer_ws/install/skid_steer_navigation:/home/mau/skid_steer_ws/install/skid_steer_cpp_examples:/home/mau/skid_steer_ws/install/skid_steer_localization:/home/mau/skid_steer_ws/install/skid_steer_firmware:/home/mau/skid_steer_ws/install/skid_steer_description:/home/mau/skid_steer_ws/install/skid_steer_controller:/home/mau/skid_steer_ws/install/skid_steer_bringup:/home/mau/skid_steer_ws/install/point_cloud_processing:/home/mau/skid_steer_ws/install/lora_node:/home/mau/articubot_one/install/articubot_one:/home/mau/bumperbot_ws/install/bumperbot_py_examples:/home/mau/ros2_ws/install/my_py_pkg:/home/mau/skid_steer_ws/install/skid_steer_py_examples:/home/mau/skid_steer_ws/install/imu_driver:/opt/ros/humble LD_LIBRARY_PATH=/home/mau/skid_steer_ws/install/skid_steer_msgs/lib:/home/mau/bumperbot_ws/install/bumperbot_cpp_examples/lib:/home/mau/bumperbot_ws/install/bumperbot_msgs/lib:/home/mau/bumperbot_ws/install/bumperbot_firmware/lib:/home/mau/ros2_ws/install/ldlidar_component/lib:/home/mau/skid_steer_ws/install/skid_steer_firmware/lib:/usr/lib/x86_64-linux-gnu/gazebo-11/plugins:/opt/ros/humble/opt/rviz_ogre_vendor/lib:/opt/ros/humble/lib/x86_64-linux-gnu:/opt/ros/humble/opt/openvdb_vendor/lib:/opt/ros/humble/lib /usr/bin/cmake --build /home/mau/skid_steer_ws/build/skid_steer_cpp_examples -- -j12 -l12
[1.317s] DEBUG:colcon.colcon_core.event_handler.log_command:Invoking command in '/home/mau/skid_steer_ws/build/skid_steer_cpp_examples': CMAKE_PREFIX_PATH=/home/mau/skid_steer_ws/install/skid_steer_msgs:/home/mau/bumperbot_ws/install/bumperbot_utils:/home/mau/bumperbot_ws/install/bumperbot_cpp_examples:/home/mau/bumperbot_ws/install/bumperbot_msgs:/home/mau/bumperbot_ws/install/bumperbot_bringup:/home/mau/bumperbot_ws/install/bumperbot_mapping:/home/mau/bumperbot_ws/install/bumperbot_localization:/home/mau/bumperbot_ws/install/bumperbot_firmware:/home/mau/bumperbot_ws/install/bumperbot_description:/home/mau/bumperbot_ws/install/bumperbot_controller:/home/mau/ros2_ws/install/sllidar_ros2:/home/mau/ros2_ws/install/my_cpp_pkg:/home/mau/ros2_ws/install/ldlidar:/home/mau/ros2_ws/install/ldlidar_node:/home/mau/ros2_ws/install/ldlidar_component:/home/mau/ros2_ws/install/RPLIDAR_A1_SLAM:/home/mau/skid_steer_ws/install/skid_steer_utils:/home/mau/skid_steer_ws/install/skid_steer_slam:/home/mau/skid_steer_ws/install/skid_steer_navigation:/home/mau/skid_steer_ws/install/skid_steer_cpp_examples:/home/mau/skid_steer_ws/install/skid_steer_localization:/home/mau/skid_steer_ws/install/skid_steer_firmware:/home/mau/skid_steer_ws/install/skid_steer_description:/home/mau/skid_steer_ws/install/skid_steer_controller:/home/mau/skid_steer_ws/install/skid_steer_bringup:/home/mau/skid_steer_ws/install/point_cloud_processing:/home/mau/skid_steer_ws/install/lora_node:/home/mau/articubot_one/install/articubot_one:/home/mau/bumperbot_ws/install/bumperbot_py_examples:/home/mau/ros2_ws/install/my_py_pkg:/home/mau/skid_steer_ws/install/skid_steer_py_examples:/home/mau/skid_steer_ws/install/imu_driver:/opt/ros/humble LD_LIBRARY_PATH=/home/mau/skid_steer_ws/install/skid_steer_msgs/lib:/home/mau/bumperbot_ws/install/bumperbot_cpp_examples/lib:/home/mau/bumperbot_ws/install/bumperbot_msgs/lib:/home/mau/bumperbot_ws/install/bumperbot_firmware/lib:/home/mau/ros2_ws/install/ldlidar_component/lib:/home/mau/skid_steer_ws/install/skid_steer_firmware/lib:/usr/lib/x86_64-linux-gnu/gazebo-11/plugins:/opt/ros/humble/opt/rviz_ogre_vendor/lib:/opt/ros/humble/lib/x86_64-linux-gnu:/opt/ros/humble/opt/openvdb_vendor/lib:/opt/ros/humble/lib /usr/bin/cmake --install /home/mau/skid_steer_ws/build/skid_steer_cpp_examples
[1.327s] Level 1:colcon.colcon_core.environment:create_environment_scripts_only(skid_steer_cpp_examples)
[1.328s] Level 1:colcon.colcon_core.environment:checking '/home/mau/skid_steer_ws/install/skid_steer_cpp_examples' for CMake module files
[1.328s] DEBUG:colcon.colcon_core.event_handler.log_command:Invoked command in '/home/mau/skid_steer_ws/build/skid_steer_cpp_examples' returned '0': CMAKE_PREFIX_PATH=/home/mau/skid_steer_ws/install/skid_steer_msgs:/home/mau/bumperbot_ws/install/bumperbot_utils:/home/mau/bumperbot_ws/install/bumperbot_cpp_examples:/home/mau/bumperbot_ws/install/bumperbot_msgs:/home/mau/bumperbot_ws/install/bumperbot_bringup:/home/mau/bumperbot_ws/install/bumperbot_mapping:/home/mau/bumperbot_ws/install/bumperbot_localization:/home/mau/bumperbot_ws/install/bumperbot_firmware:/home/mau/bumperbot_ws/install/bumperbot_description:/home/mau/bumperbot_ws/install/bumperbot_controller:/home/mau/ros2_ws/install/sllidar_ros2:/home/mau/ros2_ws/install/my_cpp_pkg:/home/mau/ros2_ws/install/ldlidar:/home/mau/ros2_ws/install/ldlidar_node:/home/mau/ros2_ws/install/ldlidar_component:/home/mau/ros2_ws/install/RPLIDAR_A1_SLAM:/home/mau/skid_steer_ws/install/skid_steer_utils:/home/mau/skid_steer_ws/install/skid_steer_slam:/home/mau/skid_steer_ws/install/skid_steer_navigation:/home/mau/skid_steer_ws/install/skid_steer_cpp_examples:/home/mau/skid_steer_ws/install/skid_steer_localization:/home/mau/skid_steer_ws/install/skid_steer_firmware:/home/mau/skid_steer_ws/install/skid_steer_description:/home/mau/skid_steer_ws/install/skid_steer_controller:/home/mau/skid_steer_ws/install/skid_steer_bringup:/home/mau/skid_steer_ws/install/point_cloud_processing:/home/mau/skid_steer_ws/install/lora_node:/home/mau/articubot_one/install/articubot_one:/home/mau/bumperbot_ws/install/bumperbot_py_examples:/home/mau/ros2_ws/install/my_py_pkg:/home/mau/skid_steer_ws/install/skid_steer_py_examples:/home/mau/skid_steer_ws/install/imu_driver:/opt/ros/humble LD_LIBRARY_PATH=/home/mau/skid_steer_ws/install/skid_steer_msgs/lib:/home/mau/bumperbot_ws/install/bumperbot_cpp_examples/lib:/home/mau/bumperbot_ws/install/bumperbot_msgs/lib:/home/mau/bumperbot_ws/install/bumperbot_firmware/lib:/home/mau/ros2_ws/install/ldlidar_component/lib:/home/mau/skid_steer_ws/install/skid_steer_firmware/lib:/usr/lib/x86_64-linux-gnu/gazebo-11/plugins:/opt/ros/humble/opt/rviz_ogre_vendor/lib:/opt/ros/humble/lib/x86_64-linux-gnu:/opt/ros/humble/opt/openvdb_vendor/lib:/opt/ros/humble/lib /usr/bin/cmake --install /home/mau/skid_steer_ws/build/skid_steer_cpp_examples
[1.328s] Level 1:colcon.colcon_core.environment:checking '/home/mau/skid_steer_ws/install/skid_steer_cpp_examples' for CMake config files
[1.329s] Level 1:colcon.colcon_core.shell:create_environment_hook('skid_steer_cpp_examples', 'cmake_prefix_path')
[1.329s] INFO:colcon.colcon_core.shell:Creating environment hook '/home/mau/skid_steer_ws/install/skid_steer_cpp_examples/share/skid_steer_cpp_examples/hook/cmake_prefix_path.ps1'
[1.329s] INFO:colcon.colcon_core.shell:Creating environment descriptor '/home/mau/skid_steer_ws/install/skid_steer_cpp_examples/share/skid_steer_cpp_examples/hook/cmake_prefix_path.dsv'
[1.330s] INFO:colcon.colcon_core.shell:Creating environment hook '/home/mau/skid_steer_ws/install/skid_steer_cpp_examples/share/skid_steer_cpp_examples/hook/cmake_prefix_path.sh'
[1.330s] Level 1:colcon.colcon_core.environment:checking '/home/mau/skid_steer_ws/install/skid_steer_cpp_examples/lib'
[1.330s] Level 1:colcon.colcon_core.environment:checking '/home/mau/skid_steer_ws/install/skid_steer_cpp_examples/bin'
[1.331s] Level 1:colcon.colcon_core.environment:checking '/home/mau/skid_steer_ws/install/skid_steer_cpp_examples/lib/pkgconfig/skid_steer_cpp_examples.pc'
[1.331s] Level 1:colcon.colcon_core.environment:checking '/home/mau/skid_steer_ws/install/skid_steer_cpp_examples/lib/python3.10/site-packages'
[1.331s] Level 1:colcon.colcon_core.environment:checking '/home/mau/skid_steer_ws/install/skid_steer_cpp_examples/bin'
[1.331s] INFO:colcon.colcon_core.shell:Creating package script '/home/mau/skid_steer_ws/install/skid_steer_cpp_examples/share/skid_steer_cpp_examples/package.ps1'
[1.332s] INFO:colcon.colcon_core.shell:Creating package descriptor '/home/mau/skid_steer_ws/install/skid_steer_cpp_examples/share/skid_steer_cpp_examples/package.dsv'
[1.332s] INFO:colcon.colcon_core.shell:Creating package script '/home/mau/skid_steer_ws/install/skid_steer_cpp_examples/share/skid_steer_cpp_examples/package.sh'
[1.332s] INFO:colcon.colcon_core.shell:Creating package script '/home/mau/skid_steer_ws/install/skid_steer_cpp_examples/share/skid_steer_cpp_examples/package.bash'
[1.333s] INFO:colcon.colcon_core.shell:Creating package script '/home/mau/skid_steer_ws/install/skid_steer_cpp_examples/share/skid_steer_cpp_examples/package.zsh'
[1.333s] Level 1:colcon.colcon_core.environment:create_file_with_runtime_dependencies(/home/mau/skid_steer_ws/install/skid_steer_cpp_examples/share/colcon-core/packages/skid_steer_cpp_examples)
[1.334s] Level 1:colcon.colcon_core.environment:create_environment_scripts_only(skid_steer_cpp_examples)
[1.334s] Level 1:colcon.colcon_core.environment:checking '/home/mau/skid_steer_ws/install/skid_steer_cpp_examples' for CMake module files
[1.335s] Level 1:colcon.colcon_core.environment:checking '/home/mau/skid_steer_ws/install/skid_steer_cpp_examples' for CMake config files
[1.335s] Level 1:colcon.colcon_core.shell:create_environment_hook('skid_steer_cpp_examples', 'cmake_prefix_path')
[1.335s] INFO:colcon.colcon_core.shell:Creating environment hook '/home/mau/skid_steer_ws/install/skid_steer_cpp_examples/share/skid_steer_cpp_examples/hook/cmake_prefix_path.ps1'
[1.335s] INFO:colcon.colcon_core.shell:Creating environment descriptor '/home/mau/skid_steer_ws/install/skid_steer_cpp_examples/share/skid_steer_cpp_examples/hook/cmake_prefix_path.dsv'
[1.336s] INFO:colcon.colcon_core.shell:Creating environment hook '/home/mau/skid_steer_ws/install/skid_steer_cpp_examples/share/skid_steer_cpp_examples/hook/cmake_prefix_path.sh'
[1.336s] Level 1:colcon.colcon_core.environment:checking '/home/mau/skid_steer_ws/install/skid_steer_cpp_examples/lib'
[1.336s] Level 1:colcon.colcon_core.environment:checking '/home/mau/skid_steer_ws/install/skid_steer_cpp_examples/bin'
[1.336s] Level 1:colcon.colcon_core.environment:checking '/home/mau/skid_steer_ws/install/skid_steer_cpp_examples/lib/pkgconfig/skid_steer_cpp_examples.pc'
[1.337s] Level 1:colcon.colcon_core.environment:checking '/home/mau/skid_steer_ws/install/skid_steer_cpp_examples/lib/python3.10/site-packages'
[1.337s] Level 1:colcon.colcon_core.environment:checking '/home/mau/skid_steer_ws/install/skid_steer_cpp_examples/bin'
[1.337s] INFO:colcon.colcon_core.shell:Creating package script '/home/mau/skid_steer_ws/install/skid_steer_cpp_examples/share/skid_steer_cpp_examples/package.ps1'
[1.338s] INFO:colcon.colcon_core.shell:Creating package descriptor '/home/mau/skid_steer_ws/install/skid_steer_cpp_examples/share/skid_steer_cpp_examples/package.dsv'
[1.338s] INFO:colcon.colcon_core.shell:Creating package script '/home/mau/skid_steer_ws/install/skid_steer_cpp_examples/share/skid_steer_cpp_examples/package.sh'
[1.339s] INFO:colcon.colcon_core.shell:Creating package script '/home/mau/skid_steer_ws/install/skid_steer_cpp_examples/share/skid_steer_cpp_examples/package.bash'
[1.339s] INFO:colcon.colcon_core.shell:Creating package script '/home/mau/skid_steer_ws/install/skid_steer_cpp_examples/share/skid_steer_cpp_examples/package.zsh'
[1.339s] Level 1:colcon.colcon_core.environment:create_file_with_runtime_dependencies(/home/mau/skid_steer_ws/install/skid_steer_cpp_examples/share/colcon-core/packages/skid_steer_cpp_examples)
[1.364s] Level 1:colcon.colcon_core.environment:create_environment_scripts_only(skid_steer_localization)
[1.365s] Level 1:colcon.colcon_core.environment:checking '/home/mau/skid_steer_ws/install/skid_steer_localization' for CMake module files
[1.365s] DEBUG:colcon.colcon_core.event_handler.log_command:Invoked command in '/home/mau/skid_steer_ws/build/skid_steer_localization' returned '0': CMAKE_PREFIX_PATH=${CMAKE_PREFIX_PATH}:/home/mau/bumperbot_ws/install/bumperbot_py_examples:/home/mau/ros2_ws/install/my_py_pkg:/home/mau/skid_steer_ws/install/skid_steer_py_examples:/home/mau/skid_steer_ws/install/imu_driver:/opt/ros/humble /usr/bin/cmake --install /home/mau/skid_steer_ws/build/skid_steer_localization
[1.366s] Level 1:colcon.colcon_core.environment:checking '/home/mau/skid_steer_ws/install/skid_steer_localization' for CMake config files
[1.367s] Level 1:colcon.colcon_core.shell:create_environment_hook('skid_steer_localization', 'cmake_prefix_path')
[1.367s] INFO:colcon.colcon_core.shell:Creating environment hook '/home/mau/skid_steer_ws/install/skid_steer_localization/share/skid_steer_localization/hook/cmake_prefix_path.ps1'
[1.368s] INFO:colcon.colcon_core.shell:Creating environment descriptor '/home/mau/skid_steer_ws/install/skid_steer_localization/share/skid_steer_localization/hook/cmake_prefix_path.dsv'
[1.368s] INFO:colcon.colcon_core.shell:Creating environment hook '/home/mau/skid_steer_ws/install/skid_steer_localization/share/skid_steer_localization/hook/cmake_prefix_path.sh'
[1.369s] Level 1:colcon.colcon_core.environment:checking '/home/mau/skid_steer_ws/install/skid_steer_localization/lib'
[1.369s] Level 1:colcon.colcon_core.environment:checking '/home/mau/skid_steer_ws/install/skid_steer_localization/bin'
[1.369s] Level 1:colcon.colcon_core.environment:checking '/home/mau/skid_steer_ws/install/skid_steer_localization/lib/pkgconfig/skid_steer_localization.pc'
[1.370s] Level 1:colcon.colcon_core.environment:checking '/home/mau/skid_steer_ws/install/skid_steer_localization/lib/python3.10/site-packages'
[1.370s] Level 1:colcon.colcon_core.environment:checking '/home/mau/skid_steer_ws/install/skid_steer_localization/bin'
[1.370s] INFO:colcon.colcon_core.shell:Creating package script '/home/mau/skid_steer_ws/install/skid_steer_localization/share/skid_steer_localization/package.ps1'
[1.371s] INFO:colcon.colcon_core.shell:Creating package descriptor '/home/mau/skid_steer_ws/install/skid_steer_localization/share/skid_steer_localization/package.dsv'
[1.371s] INFO:colcon.colcon_core.shell:Creating package script '/home/mau/skid_steer_ws/install/skid_steer_localization/share/skid_steer_localization/package.sh'
[1.372s] INFO:colcon.colcon_core.shell:Creating package script '/home/mau/skid_steer_ws/install/skid_steer_localization/share/skid_steer_localization/package.bash'
[1.372s] INFO:colcon.colcon_core.shell:Creating package script '/home/mau/skid_steer_ws/install/skid_steer_localization/share/skid_steer_localization/package.zsh'
[1.373s] Level 1:colcon.colcon_core.environment:create_file_with_runtime_dependencies(/home/mau/skid_steer_ws/install/skid_steer_localization/share/colcon-core/packages/skid_steer_localization)
[1.374s] Level 1:colcon.colcon_core.environment:create_environment_scripts_only(skid_steer_localization)
[1.374s] Level 1:colcon.colcon_core.environment:checking '/home/mau/skid_steer_ws/install/skid_steer_localization' for CMake module files
[1.375s] Level 1:colcon.colcon_core.environment:checking '/home/mau/skid_steer_ws/install/skid_steer_localization' for CMake config files
[1.375s] Level 1:colcon.colcon_core.shell:create_environment_hook('skid_steer_localization', 'cmake_prefix_path')
[1.376s] INFO:colcon.colcon_core.shell:Creating environment hook '/home/mau/skid_steer_ws/install/skid_steer_localization/share/skid_steer_localization/hook/cmake_prefix_path.ps1'
[1.376s] INFO:colcon.colcon_core.shell:Creating environment descriptor '/home/mau/skid_steer_ws/install/skid_steer_localization/share/skid_steer_localization/hook/cmake_prefix_path.dsv'
[1.377s] INFO:colcon.colcon_core.shell:Creating environment hook '/home/mau/skid_steer_ws/install/skid_steer_localization/share/skid_steer_localization/hook/cmake_prefix_path.sh'
[1.377s] Level 1:colcon.colcon_core.environment:checking '/home/mau/skid_steer_ws/install/skid_steer_localization/lib'
[1.377s] Level 1:colcon.colcon_core.environment:checking '/home/mau/skid_steer_ws/install/skid_steer_localization/bin'
[1.377s] Level 1:colcon.colcon_core.environment:checking '/home/mau/skid_steer_ws/install/skid_steer_localization/lib/pkgconfig/skid_steer_localization.pc'
[1.378s] Level 1:colcon.colcon_core.environment:checking '/home/mau/skid_steer_ws/install/skid_steer_localization/lib/python3.10/site-packages'
[1.378s] Level 1:colcon.colcon_core.environment:checking '/home/mau/skid_steer_ws/install/skid_steer_localization/bin'
[1.378s] INFO:colcon.colcon_core.shell:Creating package script '/home/mau/skid_steer_ws/install/skid_steer_localization/share/skid_steer_localization/package.ps1'
[1.379s] INFO:colcon.colcon_core.shell:Creating package descriptor '/home/mau/skid_steer_ws/install/skid_steer_localization/share/skid_steer_localization/package.dsv'
[1.380s] INFO:colcon.colcon_core.shell:Creating package script '/home/mau/skid_steer_ws/install/skid_steer_localization/share/skid_steer_localization/package.sh'
[1.381s] INFO:colcon.colcon_core.shell:Creating package script '/home/mau/skid_steer_ws/install/skid_steer_localization/share/skid_steer_localization/package.bash'
[1.381s] INFO:colcon.colcon_core.shell:Creating package script '/home/mau/skid_steer_ws/install/skid_steer_localization/share/skid_steer_localization/package.zsh'
[1.382s] Level 1:colcon.colcon_core.environment:create_file_with_runtime_dependencies(/home/mau/skid_steer_ws/install/skid_steer_localization/share/colcon-core/packages/skid_steer_localization)
[1.383s] Level 1:colcon.colcon_core.environment:create_environment_scripts_only(skid_steer_controller)
[1.383s] DEBUG:colcon.colcon_core.event_handler.log_command:Invoked command in '/home/mau/skid_steer_ws/build/skid_steer_controller' returned '0': CMAKE_PREFIX_PATH=${CMAKE_PREFIX_PATH}:/home/mau/bumperbot_ws/install/bumperbot_py_examples:/home/mau/ros2_ws/install/my_py_pkg:/home/mau/skid_steer_ws/install/skid_steer_py_examples:/home/mau/skid_steer_ws/install/imu_driver:/opt/ros/humble /usr/bin/cmake --install /home/mau/skid_steer_ws/build/skid_steer_controller
[1.384s] Level 1:colcon.colcon_core.environment:checking '/home/mau/skid_steer_ws/install/skid_steer_controller' for CMake module files
[1.384s] Level 1:colcon.colcon_core.environment:checking '/home/mau/skid_steer_ws/install/skid_steer_controller' for CMake config files
[1.385s] Level 1:colcon.colcon_core.shell:create_environment_hook('skid_steer_controller', 'cmake_prefix_path')
[1.385s] INFO:colcon.colcon_core.shell:Creating environment hook '/home/mau/skid_steer_ws/install/skid_steer_controller/share/skid_steer_controller/hook/cmake_prefix_path.ps1'
[1.386s] INFO:colcon.colcon_core.shell:Creating environment descriptor '/home/mau/skid_steer_ws/install/skid_steer_controller/share/skid_steer_controller/hook/cmake_prefix_path.dsv'
[1.386s] INFO:colcon.colcon_core.shell:Creating environment hook '/home/mau/skid_steer_ws/install/skid_steer_controller/share/skid_steer_controller/hook/cmake_prefix_path.sh'
[1.386s] Level 1:colcon.colcon_core.environment:checking '/home/mau/skid_steer_ws/install/skid_steer_controller/lib'
[1.386s] Level 1:colcon.colcon_core.environment:checking '/home/mau/skid_steer_ws/install/skid_steer_controller/bin'
[1.387s] Level 1:colcon.colcon_core.environment:checking '/home/mau/skid_steer_ws/install/skid_steer_controller/lib/pkgconfig/skid_steer_controller.pc'
[1.387s] Level 1:colcon.colcon_core.environment:checking '/home/mau/skid_steer_ws/install/skid_steer_controller/lib/python3.10/site-packages'
[1.387s] Level 1:colcon.colcon_core.environment:checking '/home/mau/skid_steer_ws/install/skid_steer_controller/bin'
[1.387s] INFO:colcon.colcon_core.shell:Creating package script '/home/mau/skid_steer_ws/install/skid_steer_controller/share/skid_steer_controller/package.ps1'
[1.388s] INFO:colcon.colcon_core.shell:Creating package descriptor '/home/mau/skid_steer_ws/install/skid_steer_controller/share/skid_steer_controller/package.dsv'
[1.388s] INFO:colcon.colcon_core.shell:Creating package script '/home/mau/skid_steer_ws/install/skid_steer_controller/share/skid_steer_controller/package.sh'
[1.388s] INFO:colcon.colcon_core.shell:Creating package script '/home/mau/skid_steer_ws/install/skid_steer_controller/share/skid_steer_controller/package.bash'
[1.389s] INFO:colcon.colcon_core.shell:Creating package script '/home/mau/skid_steer_ws/install/skid_steer_controller/share/skid_steer_controller/package.zsh'
[1.389s] Level 1:colcon.colcon_core.environment:create_file_with_runtime_dependencies(/home/mau/skid_steer_ws/install/skid_steer_controller/share/colcon-core/packages/skid_steer_controller)
[1.390s] Level 1:colcon.colcon_core.environment:create_environment_scripts_only(skid_steer_controller)
[1.390s] Level 1:colcon.colcon_core.environment:checking '/home/mau/skid_steer_ws/install/skid_steer_controller' for CMake module files
[1.390s] Level 1:colcon.colcon_core.environment:checking '/home/mau/skid_steer_ws/install/skid_steer_controller' for CMake config files
[1.391s] Level 1:colcon.colcon_core.shell:create_environment_hook('skid_steer_controller', 'cmake_prefix_path')
[1.391s] INFO:colcon.colcon_core.shell:Creating environment hook '/home/mau/skid_steer_ws/install/skid_steer_controller/share/skid_steer_controller/hook/cmake_prefix_path.ps1'
[1.392s] INFO:colcon.colcon_core.shell:Creating environment descriptor '/home/mau/skid_steer_ws/install/skid_steer_controller/share/skid_steer_controller/hook/cmake_prefix_path.dsv'
[1.392s] INFO:colcon.colcon_core.shell:Creating environment hook '/home/mau/skid_steer_ws/install/skid_steer_controller/share/skid_steer_controller/hook/cmake_prefix_path.sh'
[1.392s] Level 1:colcon.colcon_core.environment:checking '/home/mau/skid_steer_ws/install/skid_steer_controller/lib'
[1.392s] Level 1:colcon.colcon_core.environment:checking '/home/mau/skid_steer_ws/install/skid_steer_controller/bin'
[1.393s] Level 1:colcon.colcon_core.environment:checking '/home/mau/skid_steer_ws/install/skid_steer_controller/lib/pkgconfig/skid_steer_controller.pc'
[1.393s] Level 1:colcon.colcon_core.environment:checking '/home/mau/skid_steer_ws/install/skid_steer_controller/lib/python3.10/site-packages'
[1.393s] Level 1:colcon.colcon_core.environment:checking '/home/mau/skid_steer_ws/install/skid_steer_controller/bin'
[1.393s] INFO:colcon.colcon_core.shell:Creating package script '/home/mau/skid_steer_ws/install/skid_steer_controller/share/skid_steer_controller/package.ps1'
[1.394s] INFO:colcon.colcon_core.shell:Creating package descriptor '/home/mau/skid_steer_ws/install/skid_steer_controller/share/skid_steer_controller/package.dsv'
[1.394s] INFO:colcon.colcon_core.shell:Creating package script '/home/mau/skid_steer_ws/install/skid_steer_controller/share/skid_steer_controller/package.sh'
[1.395s] INFO:colcon.colcon_core.shell:Creating package script '/home/mau/skid_steer_ws/install/skid_steer_controller/share/skid_steer_controller/package.bash'
[1.395s] INFO:colcon.colcon_core.shell:Creating package script '/home/mau/skid_steer_ws/install/skid_steer_controller/share/skid_steer_controller/package.zsh'
[1.395s] Level 1:colcon.colcon_core.environment:create_file_with_runtime_dependencies(/home/mau/skid_steer_ws/install/skid_steer_controller/share/colcon-core/packages/skid_steer_controller)
[1.601s] Level 1:colcon.colcon_core.environment:checking '/home/mau/skid_steer_ws/install/imu_driver' for CMake module files
[1.602s] DEBUG:colcon.colcon_core.event_handler.log_command:Invoked command in '/home/mau/skid_steer_ws/src/imu_driver' returned '0': PYTHONPATH=/home/mau/skid_steer_ws/build/imu_driver/prefix_override:/usr/lib/python3/dist-packages/colcon_core/task/python/colcon_distutils_commands:/home/mau/skid_steer_ws/install/imu_driver/lib/python3.10/site-packages:${PYTHONPATH} /usr/bin/python3 -W ignore:setup.py install is deprecated -W ignore:easy_install command is deprecated setup.py egg_info --egg-base ../../build/imu_driver build --build-base /home/mau/skid_steer_ws/build/imu_driver/build install --record /home/mau/skid_steer_ws/build/imu_driver/install.log --single-version-externally-managed install_data
[1.603s] Level 1:colcon.colcon_core.environment:checking '/home/mau/skid_steer_ws/install/imu_driver' for CMake config files
[1.603s] Level 1:colcon.colcon_core.environment:checking '/home/mau/skid_steer_ws/install/imu_driver/lib'
[1.603s] Level 1:colcon.colcon_core.environment:checking '/home/mau/skid_steer_ws/install/imu_driver/bin'
[1.604s] Level 1:colcon.colcon_core.environment:checking '/home/mau/skid_steer_ws/install/imu_driver/lib/pkgconfig/imu_driver.pc'
[1.604s] Level 1:colcon.colcon_core.environment:checking '/home/mau/skid_steer_ws/install/imu_driver/lib/python3.10/site-packages'
[1.604s] Level 1:colcon.colcon_core.shell:create_environment_hook('imu_driver', 'pythonpath')
[1.604s] INFO:colcon.colcon_core.shell:Creating environment hook '/home/mau/skid_steer_ws/install/imu_driver/share/imu_driver/hook/pythonpath.ps1'
[1.605s] INFO:colcon.colcon_core.shell:Creating environment descriptor '/home/mau/skid_steer_ws/install/imu_driver/share/imu_driver/hook/pythonpath.dsv'
[1.605s] INFO:colcon.colcon_core.shell:Creating environment hook '/home/mau/skid_steer_ws/install/imu_driver/share/imu_driver/hook/pythonpath.sh'
[1.606s] Level 1:colcon.colcon_core.environment:checking '/home/mau/skid_steer_ws/install/imu_driver/bin'
[1.606s] Level 1:colcon.colcon_core.environment:create_environment_scripts_only(imu_driver)
[1.606s] INFO:colcon.colcon_core.shell:Creating package script '/home/mau/skid_steer_ws/install/imu_driver/share/imu_driver/package.ps1'
[1.607s] INFO:colcon.colcon_core.shell:Creating package descriptor '/home/mau/skid_steer_ws/install/imu_driver/share/imu_driver/package.dsv'
[1.608s] INFO:colcon.colcon_core.shell:Creating package script '/home/mau/skid_steer_ws/install/imu_driver/share/imu_driver/package.sh'
[1.608s] INFO:colcon.colcon_core.shell:Creating package script '/home/mau/skid_steer_ws/install/imu_driver/share/imu_driver/package.bash'
[1.609s] INFO:colcon.colcon_core.shell:Creating package script '/home/mau/skid_steer_ws/install/imu_driver/share/imu_driver/package.zsh'
[1.609s] Level 1:colcon.colcon_core.environment:create_file_with_runtime_dependencies(/home/mau/skid_steer_ws/install/imu_driver/share/colcon-core/packages/imu_driver)
[1.648s] DEBUG:colcon.colcon_core.event_handler.log_command:Invoking command in '/home/mau/skid_steer_ws/src/skid_steer_py_examples': CMAKE_PREFIX_PATH=/home/mau/skid_steer_ws/install/skid_steer_msgs:/home/mau/bumperbot_ws/install/bumperbot_utils:/home/mau/bumperbot_ws/install/bumperbot_cpp_examples:/home/mau/bumperbot_ws/install/bumperbot_msgs:/home/mau/bumperbot_ws/install/bumperbot_bringup:/home/mau/bumperbot_ws/install/bumperbot_mapping:/home/mau/bumperbot_ws/install/bumperbot_localization:/home/mau/bumperbot_ws/install/bumperbot_firmware:/home/mau/bumperbot_ws/install/bumperbot_description:/home/mau/bumperbot_ws/install/bumperbot_controller:/home/mau/ros2_ws/install/sllidar_ros2:/home/mau/ros2_ws/install/my_cpp_pkg:/home/mau/ros2_ws/install/ldlidar:/home/mau/ros2_ws/install/ldlidar_node:/home/mau/ros2_ws/install/ldlidar_component:/home/mau/ros2_ws/install/RPLIDAR_A1_SLAM:/home/mau/skid_steer_ws/install/skid_steer_utils:/home/mau/skid_steer_ws/install/skid_steer_slam:/home/mau/skid_steer_ws/install/skid_steer_navigation:/home/mau/skid_steer_ws/install/skid_steer_cpp_examples:/home/mau/skid_steer_ws/install/skid_steer_localization:/home/mau/skid_steer_ws/install/skid_steer_firmware:/home/mau/skid_steer_ws/install/skid_steer_description:/home/mau/skid_steer_ws/install/skid_steer_controller:/home/mau/skid_steer_ws/install/skid_steer_bringup:/home/mau/skid_steer_ws/install/point_cloud_processing:/home/mau/skid_steer_ws/install/lora_node:/home/mau/articubot_one/install/articubot_one LD_LIBRARY_PATH=/home/mau/skid_steer_ws/install/skid_steer_msgs/lib:/home/mau/bumperbot_ws/install/bumperbot_cpp_examples/lib:/home/mau/bumperbot_ws/install/bumperbot_msgs/lib:/home/mau/bumperbot_ws/install/bumperbot_firmware/lib:/home/mau/ros2_ws/install/ldlidar_component/lib:/home/mau/skid_steer_ws/install/skid_steer_firmware/lib:/usr/lib/x86_64-linux-gnu/gazebo-11/plugins:/opt/ros/humble/opt/rviz_ogre_vendor/lib:/opt/ros/humble/lib/x86_64-linux-gnu:/opt/ros/humble/opt/openvdb_vendor/lib:/opt/ros/humble/lib PYTHONPATH=/home/mau/skid_steer_ws/build/skid_steer_py_examples/prefix_override:/usr/lib/python3/dist-packages/colcon_core/task/python/colcon_distutils_commands:/home/mau/skid_steer_ws/install/skid_steer_py_examples/lib/python3.10/site-packages:${PYTHONPATH} /usr/bin/python3 -W ignore:setup.py install is deprecated -W ignore:easy_install command is deprecated setup.py egg_info --egg-base ../../build/skid_steer_py_examples build --build-base /home/mau/skid_steer_ws/build/skid_steer_py_examples/build install --record /home/mau/skid_steer_ws/build/skid_steer_py_examples/install.log --single-version-externally-managed install_data
[1.917s] Level 1:colcon.colcon_core.environment:checking '/home/mau/skid_steer_ws/install/skid_steer_py_examples' for CMake module files
[1.918s] DEBUG:colcon.colcon_core.event_handler.log_command:Invoked command in '/home/mau/skid_steer_ws/src/skid_steer_py_examples' returned '0': CMAKE_PREFIX_PATH=/home/mau/skid_steer_ws/install/skid_steer_msgs:/home/mau/bumperbot_ws/install/bumperbot_utils:/home/mau/bumperbot_ws/install/bumperbot_cpp_examples:/home/mau/bumperbot_ws/install/bumperbot_msgs:/home/mau/bumperbot_ws/install/bumperbot_bringup:/home/mau/bumperbot_ws/install/bumperbot_mapping:/home/mau/bumperbot_ws/install/bumperbot_localization:/home/mau/bumperbot_ws/install/bumperbot_firmware:/home/mau/bumperbot_ws/install/bumperbot_description:/home/mau/bumperbot_ws/install/bumperbot_controller:/home/mau/ros2_ws/install/sllidar_ros2:/home/mau/ros2_ws/install/my_cpp_pkg:/home/mau/ros2_ws/install/ldlidar:/home/mau/ros2_ws/install/ldlidar_node:/home/mau/ros2_ws/install/ldlidar_component:/home/mau/ros2_ws/install/RPLIDAR_A1_SLAM:/home/mau/skid_steer_ws/install/skid_steer_utils:/home/mau/skid_steer_ws/install/skid_steer_slam:/home/mau/skid_steer_ws/install/skid_steer_navigation:/home/mau/skid_steer_ws/install/skid_steer_cpp_examples:/home/mau/skid_steer_ws/install/skid_steer_localization:/home/mau/skid_steer_ws/install/skid_steer_firmware:/home/mau/skid_steer_ws/install/skid_steer_description:/home/mau/skid_steer_ws/install/skid_steer_controller:/home/mau/skid_steer_ws/install/skid_steer_bringup:/home/mau/skid_steer_ws/install/point_cloud_processing:/home/mau/skid_steer_ws/install/lora_node:/home/mau/articubot_one/install/articubot_one LD_LIBRARY_PATH=/home/mau/skid_steer_ws/install/skid_steer_msgs/lib:/home/mau/bumperbot_ws/install/bumperbot_cpp_examples/lib:/home/mau/bumperbot_ws/install/bumperbot_msgs/lib:/home/mau/bumperbot_ws/install/bumperbot_firmware/lib:/home/mau/ros2_ws/install/ldlidar_component/lib:/home/mau/skid_steer_ws/install/skid_steer_firmware/lib:/usr/lib/x86_64-linux-gnu/gazebo-11/plugins:/opt/ros/humble/opt/rviz_ogre_vendor/lib:/opt/ros/humble/lib/x86_64-linux-gnu:/opt/ros/humble/opt/openvdb_vendor/lib:/opt/ros/humble/lib PYTHONPATH=/home/mau/skid_steer_ws/build/skid_steer_py_examples/prefix_override:/usr/lib/python3/dist-packages/colcon_core/task/python/colcon_distutils_commands:/home/mau/skid_steer_ws/install/skid_steer_py_examples/lib/python3.10/site-packages:${PYTHONPATH} /usr/bin/python3 -W ignore:setup.py install is deprecated -W ignore:easy_install command is deprecated setup.py egg_info --egg-base ../../build/skid_steer_py_examples build --build-base /home/mau/skid_steer_ws/build/skid_steer_py_examples/build install --record /home/mau/skid_steer_ws/build/skid_steer_py_examples/install.log --single-version-externally-managed install_data
[1.919s] Level 1:colcon.colcon_core.environment:checking '/home/mau/skid_steer_ws/install/skid_steer_py_examples' for CMake config files
[1.919s] Level 1:colcon.colcon_core.environment:checking '/home/mau/skid_steer_ws/install/skid_steer_py_examples/lib'
[1.920s] Level 1:colcon.colcon_core.environment:checking '/home/mau/skid_steer_ws/install/skid_steer_py_examples/bin'
[1.920s] Level 1:colcon.colcon_core.environment:checking '/home/mau/skid_steer_ws/install/skid_steer_py_examples/lib/pkgconfig/skid_steer_py_examples.pc'
[1.920s] Level 1:colcon.colcon_core.environment:checking '/home/mau/skid_steer_ws/install/skid_steer_py_examples/lib/python3.10/site-packages'
[1.920s] Level 1:colcon.colcon_core.shell:create_environment_hook('skid_steer_py_examples', 'pythonpath')
[1.920s] INFO:colcon.colcon_core.shell:Creating environment hook '/home/mau/skid_steer_ws/install/skid_steer_py_examples/share/skid_steer_py_examples/hook/pythonpath.ps1'
[1.921s] INFO:colcon.colcon_core.shell:Creating environment descriptor '/home/mau/skid_steer_ws/install/skid_steer_py_examples/share/skid_steer_py_examples/hook/pythonpath.dsv'
[1.921s] INFO:colcon.colcon_core.shell:Creating environment hook '/home/mau/skid_steer_ws/install/skid_steer_py_examples/share/skid_steer_py_examples/hook/pythonpath.sh'
[1.922s] Level 1:colcon.colcon_core.environment:checking '/home/mau/skid_steer_ws/install/skid_steer_py_examples/bin'
[1.922s] Level 1:colcon.colcon_core.environment:create_environment_scripts_only(skid_steer_py_examples)
[1.923s] INFO:colcon.colcon_core.shell:Creating package script '/home/mau/skid_steer_ws/install/skid_steer_py_examples/share/skid_steer_py_examples/package.ps1'
[1.923s] INFO:colcon.colcon_core.shell:Creating package descriptor '/home/mau/skid_steer_ws/install/skid_steer_py_examples/share/skid_steer_py_examples/package.dsv'
[1.924s] INFO:colcon.colcon_core.shell:Creating package script '/home/mau/skid_steer_ws/install/skid_steer_py_examples/share/skid_steer_py_examples/package.sh'
[1.924s] INFO:colcon.colcon_core.shell:Creating package script '/home/mau/skid_steer_ws/install/skid_steer_py_examples/share/skid_steer_py_examples/package.bash'
[1.925s] INFO:colcon.colcon_core.shell:Creating package script '/home/mau/skid_steer_ws/install/skid_steer_py_examples/share/skid_steer_py_examples/package.zsh'
[1.925s] Level 1:colcon.colcon_core.environment:create_file_with_runtime_dependencies(/home/mau/skid_steer_ws/install/skid_steer_py_examples/share/colcon-core/packages/skid_steer_py_examples)
[1.926s] DEBUG:colcon.colcon_parallel_executor.executor.parallel:closing loop
[1.926s] DEBUG:colcon.colcon_parallel_executor.executor.parallel:loop closed
[1.926s] DEBUG:colcon.colcon_parallel_executor.executor.parallel:run_until_complete finished with '0'
[1.926s] DEBUG:colcon.colcon_core.event_reactor:joining thread
[1.935s] INFO:colcon.colcon_core.plugin_system:Skipping extension 'colcon_notification.desktop_notification.terminal_notifier': Not used on non-Darwin systems
[1.935s] INFO:colcon.colcon_core.plugin_system:Skipping extension 'colcon_notification.desktop_notification.win32': Not used on non-Windows systems
[1.935s] INFO:colcon.colcon_notification.desktop_notification:Sending desktop notification using 'notify2'
[1.951s] DEBUG:colcon.colcon_core.event_reactor:joined thread
[1.951s] INFO:colcon.colcon_core.shell:Creating prefix script '/home/mau/skid_steer_ws/install/local_setup.ps1'
[1.952s] INFO:colcon.colcon_core.shell:Creating prefix util module '/home/mau/skid_steer_ws/install/_local_setup_util_ps1.py'
[1.953s] INFO:colcon.colcon_core.shell:Creating prefix chain script '/home/mau/skid_steer_ws/install/setup.ps1'
[1.956s] INFO:colcon.colcon_core.shell:Creating prefix script '/home/mau/skid_steer_ws/install/local_setup.sh'
[1.957s] INFO:colcon.colcon_core.shell:Creating prefix util module '/home/mau/skid_steer_ws/install/_local_setup_util_sh.py'
[1.958s] INFO:colcon.colcon_core.shell:Creating prefix chain script '/home/mau/skid_steer_ws/install/setup.sh'
[1.961s] INFO:colcon.colcon_core.shell:Creating prefix script '/home/mau/skid_steer_ws/install/local_setup.bash'
[1.962s] INFO:colcon.colcon_core.shell:Creating prefix chain script '/home/mau/skid_steer_ws/install/setup.bash'
[1.965s] INFO:colcon.colcon_core.shell:Creating prefix script '/home/mau/skid_steer_ws/install/local_setup.zsh'
[1.966s] INFO:colcon.colcon_core.shell:Creating prefix chain script '/home/mau/skid_steer_ws/install/setup.zsh'
